event_id,timestamp_utc,source,event_type,severity,confidence,user,host_or_asset,src_ip,dest_ip,dest_domain,action,outcome,message,entity,is_external_src_ip,ground_truth_story
EVT2-00001,2026-01-20T16:00:06Z,VPN,VPN.Connect,Medium,0.74,v.ali,WS-034,192.168.110.196,10.160.22.169,,Auth,,VPN session established.,user,0,
EVT2-00002,2026-01-20T16:01:53Z,Okta,Login.Failed,Medium,0.62,s.nguyen,AWS,10.117.30.98,192.168.184.171,,Auth,Failure,Authentication failed (bad credentials or policy).,user,0,
EVT2-00003,2026-01-20T16:10:18Z,AzureAD,ImpossibleTravel,Low,0.53,d.miller,Azure,192.168.129.104,192.168.95.71,,Auth,,Security-relevant event observed.,user,0,
EVT2-00004,2026-01-20T16:11:04Z,AzureAD,Role.Assignment,Medium,0.41,a.chen,Azure,10.117.190.198,,,Auth,,Security-relevant event observed.,user,0,
EVT2-00005,2026-01-20T16:17:49Z,AzureAD,Signin.Success,Informational,0.72,o.martin,AWS,10.37.72.196,,,Auth,,Cloud sign-in successful.,user,0,
EVT2-00006,2026-01-20T16:18:06Z,Proxy,Download,Informational,0.4,j.smith,SRV-161,192.0.2.107,203.0.113.168,microsoft.com,GET,Allowed,File downloaded via web proxy.,user,1,
EVT2-00007,2026-01-20T16:18:56Z,EmailGateway,Phish.Detected,Medium,0.66,f.robinson,API-029,192.168.226.26,,secure-o365-auth.com,Inbound,Delivered,Phishing email detected by gateway.,user,0,
EVT2-00008,2026-01-20T16:22:39Z,AzureAD,AppConsent.Granted,Low,0.85,svc-ci,O365,192.168.188.118,192.168.3.55,,Auth,,Security-relevant event observed.,service_account,0,oauth_consent_attack
EVT2-00009,2026-01-20T16:23:22Z,DNS,Query,Medium,0.73,r.kim,DC-122,192.168.143.82,,intranet.corp.local,Query,Resolved,DNS query observed.,user,0,
EVT2-00010,2026-01-20T16:25:36Z,EmailGateway,CredentialPhish.LinkClicked,Informational,0.05,u.khan,API-130,10.110.71.127,,login-micros0ft.com,Inbound,Delivered,Security-relevant event observed.,user,0,
EVT2-00011,2026-01-20T16:26:45Z,VPN,VPN.Disconnect,Low,0.67,svc-monitor,API-159,192.0.2.139,172.31.85.55,,Auth,,Security-relevant event observed.,service_account,1,
EVT2-00012,2026-01-20T16:28:17Z,Proxy,Category.Block,High,0.59,l.garcia,DC-087,172.29.243.36,203.0.113.154,atlassian.net,GET,Blocked,Security-relevant event observed.,user,0,
EVT2-00013,2026-01-20T16:29:20Z,MDM,Device.JailbreakSuspected,Informational,0.61,l.garcia,DC-110,10.243.11.64,,,DeviceMgmt,NonCompliant,Security-relevant event observed.,user,0,high_confidence_signal
EVT2-00014,2026-01-20T16:31:43Z,AzureAD,ImpossibleTravel,Medium,0.7,c.taylor,CorpNet,172.19.73.143,,,Auth,,Security-relevant event observed.,user,0,
EVT2-00015,2026-01-20T16:32:09Z,DLP,DLP.Warned,Low,0.77,e.wilson,AWS,172.26.252.210,,,DataLoss,Warned,Security-relevant event observed.,user,0,
EVT2-00016,2026-01-20T16:32:57Z,EmailGateway,Phish.Detected,Medium,0.58,y.zhao,SRV-158,198.51.100.49,192.168.99.241,auth-okta-security.com,Inbound,Delivered,Phishing email detected by gateway.,user,1,
EVT2-00017,2026-01-20T16:34:01Z,EmailGateway,User.ReportedPhish,Informational,0.38,q.wong,MAIL-042,192.0.2.176,192.168.163.215,gmail.com,Inbound,Delivered,Security-relevant event observed.,user,1,
EVT2-00018,2026-01-20T16:35:41Z,MDM,Device.ComplianceFailed,Informational,0.36,j.smith,API-134,10.67.53.3,172.29.220.88,,DeviceMgmt,NonCompliant,Security-relevant event observed.,user,0,
EVT2-00019,2026-01-20T16:36:25Z,DLP,DLP.Blocked,Medium,0.57,g.thomas,CorpNet,172.25.173.112,,,DataLoss,Blocked,Security-relevant event observed.,user,0,
EVT2-00020,2026-01-20T16:36:37Z,Proxy,Category.Block,Informational,0.62,a.chen,DB-077,192.168.58.185,198.51.100.134,github.com,GET,Blocked,Security-relevant event observed.,user,0,
EVT2-00021,2026-01-20T16:37:07Z,AzureAD,Signin.Success,Medium,0.74,t.jones,AWS,172.18.20.155,172.17.245.168,,Auth,,Cloud sign-in successful.,user,0,
EVT2-00022,2026-01-20T16:39:39Z,O365,OneDrive.MassDownload,Low,0.64,sec-admin,Azure,192.168.5.24,,sharepoint.com,Access,Success,High-volume OneDrive downloads observed.,privileged_user,0,
EVT2-00023,2026-01-20T16:41:28Z,Firewall,PortScan.Detected,Informational,0.92,a.ivanov,AWS,10.172.60.184,192.0.2.128,,Network,Blocked,Potential port scanning activity detected.,user,0,
EVT2-00024,2026-01-20T16:42:06Z,Proxy,NewDomain.Access,Low,0.61,r.kim,DC-095,10.232.255.156,198.51.100.132,slack.com,POST,Allowed,Security-relevant event observed.,user,0,high_confidence_signal
EVT2-00025,2026-01-20T16:44:22Z,EDR,LateralMovement.Suspected,Medium,0.73,l.garcia,DB-003,10.162.29.9,,,Endpoint,Observed,Security-relevant event observed.,user,0,
EVT2-00026,2026-01-20T16:45:06Z,EDR,Exploit.Prevention,Informational,0.7,f.robinson,SRV-076,192.168.167.80,,,Endpoint,Detected,Security-relevant event observed.,user,0,
EVT2-00027,2026-01-20T16:45:32Z,MDM,Device.LostModeEnabled,Low,0.46,k.brown,DC-079,192.168.217.90,,,DeviceMgmt,Success,Security-relevant event observed.,user,0,
EVT2-00028,2026-01-20T16:51:03Z,EDR,USB.Mount,Low,0.43,s.nguyen,WS-085,192.168.108.220,,,Endpoint,Observed,Security-relevant event observed.,user,0,
EVT2-00029,2026-01-20T16:51:17Z,DNS,HighEntropy.Subdomain,Informational,0.54,i.clark,MAIL-240,192.168.22.49,10.62.46.154,telemetry-sync.net,Query,Resolved,Security-relevant event observed.,user,0,high_confidence_signal
EVT2-00030,2026-01-20T16:54:21Z,DLP,DLP.Warned,Informational,0.79,r.kim,O365,192.168.156.17,192.168.217.200,,DataLoss,Warned,Security-relevant event observed.,user,0,
EVT2-00031,2026-01-20T16:56:24Z,MDM,Device.Enrolled,Low,0.61,sec-admin,API-156,10.171.132.213,,,DeviceMgmt,Success,Security-relevant event observed.,privileged_user,0,
EVT2-00032,2026-01-20T16:58:31Z,Proxy,URL.Allowed,Informational,0.71,d.miller,API-055,10.136.83.161,192.0.2.140,zoom.us,GET,Allowed,Web request allowed.,user,0,
EVT2-00033,2026-01-20T17:02:09Z,Okta,MFA.Failed,High,0.56,svc-backup,CorpNet,198.51.100.205,,,Auth,Failure,MFA denied or timed out.,service_account,1,
EVT2-00034,2026-01-20T17:02:37Z,EDR,Ransomware.Blocked,Informational,0.78,y.zhao,API-188,198.51.100.55,172.21.43.56,,Endpoint,Blocked,Security-relevant event observed.,user,1,ransomware_attempt_blocked
EVT2-00035,2026-01-20T17:03:50Z,Okta,MFA.Challenge,High,0.55,svc-monitor,EndpointFleet,192.168.152.199,,,Auth,,MFA challenge initiated.,service_account,0,
EVT2-00036,2026-01-20T17:05:52Z,EmailGateway,Phish.Detected,Low,0.48,svc-backup,DC-025,172.16.195.220,,proton.me,Inbound,Delivered,Phishing email detected by gateway.,service_account,0,
EVT2-00037,2026-01-20T17:06:01Z,Proxy,TLS.SNI.Mismatch,High,0.66,f.robinson,LAP-058,192.168.115.160,198.51.100.106,secure-o365-auth.com,POST,Allowed,Security-relevant event observed.,user,0,high_confidence_signal
EVT2-00038,2026-01-20T17:06:52Z,Proxy,Category.Block,Informational,0.64,k.brown,MAIL-224,172.24.8.182,192.0.2.109,atlassian.net,GET,Blocked,Security-relevant event observed.,user,0,
EVT2-00039,2026-01-20T17:06:59Z,VPN,VPN.Disconnect,Informational,0.05,sec-admin,DB-171,10.90.140.38,10.179.64.203,,Auth,,Security-relevant event observed.,privileged_user,0,
EVT2-00040,2026-01-20T17:07:50Z,Okta,MFA.Challenge,High,0.23,h.lee,Azure,10.76.188.100,10.118.39.209,,Auth,,MFA challenge initiated.,user,0,
EVT2-00041,2026-01-20T17:08:35Z,Okta,MFA.Failed,Informational,0.76,d.miller,EndpointFleet,198.51.100.239,,,Auth,Failure,MFA denied or timed out.,user,1,
EVT2-00042,2026-01-20T17:12:29Z,Okta,MFA.Challenge,High,0.8,q.wong,CorpNet,203.0.113.185,,,Auth,,MFA challenge initiated.,user,1,
EVT2-00043,2026-01-20T17:14:16Z,DLP,DLP.Warned,Informational,0.67,m.johnson,O365,192.168.101.79,,,DataLoss,Warned,Security-relevant event observed.,user,0,
EVT2-00044,2026-01-20T17:16:02Z,DLP,DLP.PolicyMatch,Low,0.82,c.taylor,O365,203.0.113.224,172.27.248.146,,DataLoss,Matched,Potential sensitive data pattern matched.,user,1,
EVT2-00045,2026-01-20T17:17:18Z,EmailGateway,Phish.Detected,Informational,0.67,r.kim,DC-193,203.0.113.159,,secure-o365-auth.com,Inbound,Delivered,Phishing email detected by gateway.,user,1,
EVT2-00046,2026-01-20T17:19:06Z,EDR,USB.Mount,Informational,0.53,i.clark,DC-118,192.0.2.231,,,Endpoint,Observed,Security-relevant event observed.,user,1,
EVT2-00047,2026-01-20T17:19:28Z,DNS,NXDOMAIN,Informational,0.59,z.hassan,VDI-166,198.51.100.165,10.133.189.223,microsoft.com,Query,Resolved,Security-relevant event observed.,user,1,ransomware_attempt_blocked
EVT2-00048,2026-01-20T17:28:34Z,EmailGateway,Phish.Detected,Low,0.73,k.brown,DB-049,203.0.113.25,,login-micros0ft.com,Inbound,Delivered,Phishing email detected by gateway.,user,1,
EVT2-00049,2026-01-20T17:32:32Z,DLP,DLP.PolicyMatch,Medium,0.41,p.singh,EndpointFleet,10.9.233.249,,,DataLoss,Matched,Potential sensitive data pattern matched.,user,0,
EVT2-00050,2026-01-20T17:33:29Z,AzureAD,Role.Assignment,Informational,0.24,z.hassan,Azure,172.24.163.22,,,Auth,,Security-relevant event observed.,user,0,ransomware_attempt_blocked
EVT2-00051,2026-01-20T17:34:47Z,O365,File.Download,Medium,0.57,k.brown,O365,172.23.248.130,,office.com,Access,Success,Security-relevant event observed.,user,0,
EVT2-00052,2026-01-20T17:35:21Z,Okta,Login.Failed,Medium,0.4,j.smith,O365,198.51.100.25,,,Auth,Failure,Authentication failed (bad credentials or policy).,user,1,
EVT2-00053,2026-01-20T17:35:44Z,CloudTrail,CloudWatch.AlarmDisabled,High,0.72,n.davis,CorpNet,10.183.3.22,,,Cloud,Success,Security-relevant event observed.,user,0,
EVT2-00054,2026-01-20T17:36:20Z,DLP,DLP.Warned,Low,0.45,v.ali,Azure,192.0.2.204,,,DataLoss,Warned,Security-relevant event observed.,user,1,
EVT2-00055,2026-01-20T17:36:44Z,EmailGateway,CredentialPhish.LinkClicked,Informational,0.54,y.zhao,SRV-006,10.166.62.107,,secure-o365-auth.com,Inbound,Delivered,Security-relevant event observed.,user,0,
EVT2-00056,2026-01-20T17:39:23Z,Firewall,C2.Connection,Medium,0.62,e.wilson,AWS,198.51.100.212,203.0.113.68,,Network,Blocked,Security-relevant event observed.,user,1,
EVT2-00057,2026-01-20T17:39:36Z,DNS,Query,High,0.55,e.wilson,WS-020,192.168.70.15,,jira.corp.local,Query,Resolved,DNS query observed.,user,0,high_confidence_signal
EVT2-00058,2026-01-20T17:40:10Z,CloudTrail,S3.PutObject,Informational,0.48,y.zhao,O365,192.168.237.19,,,Cloud,Success,Security-relevant event observed.,user,0,
EVT2-00059,2026-01-20T17:42:11Z,MDM,Device.Enrolled,Informational,0.99,z.hassan,API-149,192.168.32.197,192.168.66.171,,DeviceMgmt,Success,Security-relevant event observed.,user,0,ransomware_attempt_blocked
EVT2-00060,2026-01-20T17:42:43Z,DNS,Query,Medium,0.7,d.miller,SRV-179,192.168.170.117,10.212.136.35,zoom.us,Query,Resolved,DNS query observed.,user,0,
EVT2-00061,2026-01-20T17:44:08Z,Proxy,Category.Block,Informational,0.62,y.zhao,DC-224,203.0.113.92,203.0.113.37,zoom.us,POST,Blocked,Security-relevant event observed.,user,1,
EVT2-00062,2026-01-20T17:44:50Z,EDR,Ransomware.Blocked,Informational,0.64,f.robinson,LAP-149,10.66.229.196,,,Endpoint,Blocked,Security-relevant event observed.,user,0,ransomware_attempt_blocked
EVT2-00063,2026-01-20T17:45:04Z,VPN,VPN.Disconnect,High,0.74,svc-monitor,MAIL-215,192.168.180.169,,,Auth,,Security-relevant event observed.,service_account,0,
EVT2-00064,2026-01-20T17:55:45Z,DNS,MX.Query,Low,0.21,m.patel,DC-093,192.168.34.250,,intranet.corp.local,Query,NXDOMAIN,Security-relevant event observed.,user,0,
EVT2-00065,2026-01-20T17:58:24Z,CloudTrail,IAM.PolicyChange,Low,0.26,i.clark,EndpointFleet,172.29.54.4,10.168.160.67,,Cloud,Success,Security-relevant event observed.,user,0,
EVT2-00066,2026-01-20T17:58:53Z,O365,File.ShareExternal,Informational,0.44,e.wilson,EndpointFleet,192.168.160.237,,office.com,Access,Success,Security-relevant event observed.,user,0,
EVT2-00067,2026-01-20T17:59:15Z,O365,File.Download,High,0.44,a.ivanov,O365,203.0.113.16,10.8.251.222,sharepoint.com,Access,Success,Security-relevant event observed.,user,1,
EVT2-00068,2026-01-20T18:00:56Z,DNS,MX.Query,Low,0.58,l.garcia,DC-091,203.0.113.228,10.44.41.176,okta.com,Query,Resolved,Security-relevant event observed.,user,1,
EVT2-00069,2026-01-20T18:03:42Z,DNS,HighEntropy.Subdomain,Low,0.18,u.khan,API-153,172.17.99.81,,cdn.jira.corp.local,Query,Resolved,Security-relevant event observed.,user,0,high_confidence_signal
EVT2-00070,2026-01-20T18:05:13Z,AzureAD,Signin.Failed,Low,0.55,j.smith,Azure,172.20.6.55,,,Auth,Failure,Cloud sign-in failed.,user,0,
EVT2-00071,2026-01-20T18:05:40Z,EDR,LateralMovement.Suspected,Low,0.54,f.robinson,DB-016,192.168.83.75,,,Endpoint,Observed,Security-relevant event observed.,user,0,
EVT2-00072,2026-01-20T18:05:50Z,EmailGateway,Phish.Detected,Low,0.53,i.clark,DB-035,172.16.174.19,,update-chrome-security.com,Inbound,Delivered,Phishing email detected by gateway.,user,0,
EVT2-00073,2026-01-20T18:06:55Z,DNS,HighEntropy.Subdomain,High,0.64,a.chen,WS-091,192.168.209.197,192.168.205.202,d1a9f3c2.exfil-data.net,Query,Resolved,Security-relevant event observed.,user,0,high_confidence_signal
EVT2-00074,2026-01-20T18:08:48Z,O365,OneDrive.MassDownload,Medium,0.75,s.nguyen,EndpointFleet,10.79.248.211,,office.com,Access,Success,High volume file activity; external sharing involved.,user,0,
EVT2-00075,2026-01-20T18:09:18Z,Proxy,URL.Blocked,Medium,0.61,q.wong,SRV-206,10.155.87.68,198.51.100.218,atlassian.net,GET,Blocked,Web request blocked by policy.,user,0,
EVT2-00076,2026-01-20T18:10:40Z,CloudTrail,KMS.Decrypt,Low,0.8,d.miller,O365,198.51.100.187,10.136.67.15,,Cloud,Success,Security-relevant event observed.,user,1,
EVT2-00077,2026-01-20T18:11:38Z,CloudTrail,S3.GetObject,Informational,0.55,t.jones,EndpointFleet,192.168.104.176,,,Cloud,Success,Security-relevant event observed.,user,0,
EVT2-00078,2026-01-20T18:14:08Z,VPN,SplitTunnel.Enabled,Informational,0.59,m.johnson,DC-170,10.43.77.77,192.168.77.242,,Auth,,Security-relevant event observed.,user,0,
EVT2-00079,2026-01-20T18:20:27Z,AzureAD,AppConsent.Granted,Informational,0.34,h.lee,O365,192.168.211.43,,,Auth,,Security-relevant event observed.,user,0,oauth_consent_attack
EVT2-00080,2026-01-20T18:22:59Z,O365,OAuth.AppAdded,Informational,0.75,a.chen,AWS,172.19.84.252,,,Access,Success,Security-relevant event observed.,user,0,oauth_consent_attack
EVT2-00081,2026-01-20T18:25:13Z,O365,Admin.AuditLogCleared,Informational,0.57,f.robinson,O365,203.0.113.254,,sharepoint.com,Access,Success,Security-relevant event observed.,user,1,
EVT2-00082,2026-01-20T18:25:31Z,Firewall,TLS.Anomaly,Low,0.99,e.wilson,CorpNet,172.24.154.10,203.0.113.117,,Network,Blocked,Security-relevant event observed.,user,0,
EVT2-00083,2026-01-20T18:30:15Z,EDR,CredentialDump.Suspected,Informational,0.7,j.smith,VDI-237,203.0.113.81,,,Endpoint,Observed,Security-relevant event observed.,user,1,ransomware_attempt_blocked
EVT2-00084,2026-01-20T18:30:30Z,Proxy,URL.Allowed,High,0.88,c.taylor,WS-238,203.0.113.75,192.0.2.148,intranet.corp.local,GET,Allowed,Web request allowed.,user,1,
EVT2-00085,2026-01-20T18:31:13Z,AzureAD,AppConsent.Granted,Medium,0.59,z.hassan,Azure,10.173.193.71,,,Auth,,Security-relevant event observed.,user,0,ransomware_attempt_blocked
EVT2-00086,2026-01-20T18:33:21Z,DLP,DLP.Warned,Low,0.72,g.thomas,Azure,172.21.97.218,,,DataLoss,Warned,Security-relevant event observed.,user,0,
EVT2-00087,2026-01-20T18:43:30Z,Firewall,GeoIP.Block,Informational,0.78,y.zhao,AWS,172.19.130.207,203.0.113.84,,Network,Blocked,Security-relevant event observed.,user,0,
EVT2-00088,2026-01-20T18:44:11Z,O365,SharePoint.Access,Medium,0.45,q.wong,O365,192.0.2.149,10.93.172.24,,Access,Success,Security-relevant event observed.,user,1,
EVT2-00089,2026-01-20T18:47:21Z,EDR,Malware.Detected,Low,0.19,z.hassan,DC-155,198.51.100.83,,,Endpoint,Detected,Malware detection on endpoint.,user,1,ransomware_attempt_blocked
EVT2-00090,2026-01-20T18:50:46Z,Okta,Login.Failed,Low,0.49,b.harris,Azure,192.0.2.36,,,Auth,Failure,Authentication failed (bad credentials or policy).,user,1,
EVT2-00091,2026-01-20T18:53:40Z,Okta,Login.Success,Low,0.76,sec-admin,CorpNet,172.26.15.223,,,Auth,,User authenticated successfully.,privileged_user,0,
EVT2-00092,2026-01-20T18:54:41Z,AzureAD,Signin.Success,High,0.51,i.clark,EndpointFleet,172.31.154.156,,,Auth,,Cloud sign-in successful.,user,0,
EVT2-00093,2026-01-20T18:56:06Z,Proxy,Category.Block,Medium,0.48,o.martin,DC-169,192.168.216.142,198.51.100.169,aws.amazon.com,GET,Blocked,Security-relevant event observed.,user,0,
EVT2-00094,2026-01-20T18:56:10Z,EmailGateway,Outbound.Spam,Low,0.35,h.lee,API-008,172.24.89.117,,corp.local,Inbound,Delivered,Security-relevant event observed.,user,0,
EVT2-00095,2026-01-20T18:59:03Z,EDR,Malware.Detected,Low,0.37,i.clark,MAIL-171,10.82.56.58,172.21.184.139,,Endpoint,Detected,Malware detection on endpoint.,user,0,
EVT2-00096,2026-01-20T18:59:47Z,DNS,TXT.Query,Informational,0.65,b.harris,SRV-043,192.168.127.94,10.228.188.97,github.com,Query,Resolved,Security-relevant event observed.,user,0,
EVT2-00097,2026-01-20T19:00:24Z,Proxy,TLS.SNI.Mismatch,Medium,0.62,m.johnson,DC-077,203.0.113.65,203.0.113.132,vpn-corp-support.com,GET,Allowed,Security-relevant event observed.,user,1,high_confidence_signal
EVT2-00098,2026-01-20T19:03:28Z,EmailGateway,Outbound.Spam,Medium,0.5,m.patel,MAIL-062,192.168.73.247,,proton.me,Inbound,Delivered,Security-relevant event observed.,user,0,
EVT2-00099,2026-01-20T19:03:46Z,O365,File.ShareExternal,Low,0.63,svc-monitor,EndpointFleet,192.168.208.170,,onedrive.com,Access,Success,Security-relevant event observed.,service_account,0,
EVT2-00100,2026-01-20T19:05:42Z,Proxy,Category.Block,Low,0.65,m.patel,MAIL-216,192.168.3.113,198.51.100.102,zoom.us,POST,Blocked,Security-relevant event observed.,user,0,
EVT2-00101,2026-01-20T19:06:19Z,EDR,USB.Mount,Medium,0.62,c.taylor,DC-215,198.51.100.5,,,Endpoint,Observed,Security-relevant event observed.,user,1,
EVT2-00102,2026-01-20T19:06:35Z,AzureAD,ImpossibleTravel,Informational,0.46,u.khan,CorpNet,172.24.152.145,,,Auth,,Security-relevant event observed.,user,0,
EVT2-00103,2026-01-20T19:13:02Z,CloudTrail,AccessKey.Created,Medium,0.93,h.lee,CorpNet,192.168.206.194,,,Cloud,Success,Security-relevant event observed.,user,0,
EVT2-00104,2026-01-20T19:14:18Z,MDM,Device.JailbreakSuspected,Informational,0.57,y.zhao,DB-048,192.0.2.198,,,DeviceMgmt,NonCompliant,Security-relevant event observed.,user,1,high_confidence_signal
EVT2-00105,2026-01-20T19:18:46Z,EDR,Process.Suspicious,Low,0.45,i.clark,MAIL-127,172.28.219.40,,,Endpoint,Observed,Suspicious process behavior observed.,user,0,
EVT2-00106,2026-01-20T19:18:58Z,O365,SharePoint.Access,Informational,0.19,q.wong,Azure,10.86.98.99,,onedrive.com,Access,Success,Security-relevant event observed.,user,0,
EVT2-00107,2026-01-20T19:19:26Z,AzureAD,Signin.Failed,High,0.46,b.harris,Azure,10.111.29.65,,,Auth,Failure,Cloud sign-in failed.,user,0,
EVT2-00108,2026-01-20T19:20:14Z,Okta,Policy.Change,Low,0.47,v.ali,O365,192.168.248.163,,,Auth,,Security-relevant event observed.,user,0,
EVT2-00109,2026-01-20T19:21:09Z,MDM,Device.Enrolled,Low,0.46,b.harris,SRV-095,198.51.100.249,,,DeviceMgmt,Success,Security-relevant event observed.,user,1,
EVT2-00110,2026-01-20T19:22:26Z,VPN,VPN.Disconnect,Medium,0.47,a.ivanov,WS-118,172.28.118.200,,,Auth,,Security-relevant event observed.,user,0,
EVT2-00111,2026-01-20T19:23:16Z,VPN,VPN.NewDevice,Medium,0.58,sec-admin,LAP-198,10.15.173.9,,,Auth,,Security-relevant event observed.,privileged_user,0,
EVT2-00112,2026-01-20T19:27:06Z,DLP,DLP.PolicyMatch,Low,0.74,b.harris,EndpointFleet,192.168.246.61,,,DataLoss,Matched,Potential sensitive data pattern matched.,user,0,
EVT2-00113,2026-01-20T19:30:00Z,O365,OneDrive.MassDownload,Medium,0.7,l.garcia,O365,198.51.100.88,,onedrive.com,Access,Success,Sustained high-volume downloads; unusual compared to user's baseline.,user,1,insider_exfil_candidate
EVT2-00114,2026-01-20T19:32:00Z,O365,OneDrive.MassDownload,Medium,0.7,l.garcia,O365,198.51.100.88,,onedrive.com,Access,Success,Sustained high-volume downloads; unusual compared to user's baseline.,user,1,insider_exfil_candidate
EVT2-00115,2026-01-20T19:34:00Z,O365,OneDrive.MassDownload,Medium,0.7,l.garcia,O365,198.51.100.88,,onedrive.com,Access,Success,Sustained high-volume downloads; unusual compared to user's baseline.,user,1,insider_exfil_candidate
EVT2-00116,2026-01-20T19:34:18Z,Okta,Policy.Change,Medium,0.2,j.smith,O365,10.67.60.157,,,Auth,,Security-relevant event observed.,user,0,
EVT2-00117,2026-01-20T19:35:00Z,DLP,DLP.PolicyMatch,Medium,0.74,l.garcia,LAP-133,192.168.74.119,,,DataLoss,Matched,Sensitive content detected in file handling (PII/financial keywords).,user,0,insider_exfil_candidate
EVT2-00118,2026-01-20T19:36:00Z,O365,OneDrive.MassDownload,Medium,0.7,l.garcia,O365,198.51.100.88,,onedrive.com,Access,Success,Sustained high-volume downloads; unusual compared to user's baseline.,user,1,insider_exfil_candidate
EVT2-00119,2026-01-20T19:36:47Z,VPN,VPN.GeoAnomaly,Low,0.66,t.jones,LAP-118,192.168.86.163,,,Auth,Success,Security-relevant event observed.,user,0,high_confidence_signal
EVT2-00120,2026-01-20T19:38:00Z,O365,OneDrive.MassDownload,Medium,0.7,l.garcia,O365,198.51.100.88,,onedrive.com,Access,Success,Sustained high-volume downloads; unusual compared to user's baseline.,user,1,insider_exfil_candidate
EVT2-00121,2026-01-20T19:38:00Z,DLP,DLP.PolicyMatch,Medium,0.74,l.garcia,LAP-133,172.21.83.47,,,DataLoss,Matched,Sensitive content detected in file handling (PII/financial keywords).,user,0,insider_exfil_candidate
EVT2-00122,2026-01-20T19:40:00Z,O365,OneDrive.MassDownload,High,0.78,l.garcia,O365,198.51.100.88,,onedrive.com,Access,Success,Sustained high-volume downloads; unusual compared to user's baseline.,user,1,insider_exfil_candidate
EVT2-00123,2026-01-20T19:41:00Z,DLP,DLP.PolicyMatch,Medium,0.74,l.garcia,LAP-133,10.151.206.94,,,DataLoss,Matched,Sensitive content detected in file handling (PII/financial keywords).,user,0,insider_exfil_candidate
EVT2-00124,2026-01-20T19:42:00Z,O365,OneDrive.MassDownload,High,0.78,l.garcia,O365,198.51.100.88,,onedrive.com,Access,Success,Sustained high-volume downloads; unusual compared to user's baseline.,user,1,insider_exfil_candidate
EVT2-00125,2026-01-20T19:43:17Z,AzureAD,RiskySignin,Low,0.74,q.wong,EndpointFleet,172.26.111.92,,,Auth,Success,Security-relevant event observed.,user,0,high_confidence_signal
EVT2-00126,2026-01-20T19:43:48Z,Firewall,C2.Connection,Informational,0.38,l.garcia,O365,10.46.171.110,192.0.2.253,,Network,Blocked,Security-relevant event observed.,user,0,
EVT2-00127,2026-01-20T19:44:00Z,DLP,DLP.PolicyMatch,High,0.74,l.garcia,LAP-133,192.168.38.55,,,DataLoss,Matched,Sensitive content detected in file handling (PII/financial keywords).,user,0,insider_exfil_candidate
EVT2-00128,2026-01-20T19:44:00Z,O365,OneDrive.MassDownload,High,0.78,l.garcia,O365,198.51.100.88,,onedrive.com,Access,Success,Sustained high-volume downloads; unusual compared to user's baseline.,user,1,insider_exfil_candidate
EVT2-00129,2026-01-20T19:44:18Z,O365,SharePoint.Access,Informational,0.48,o.martin,AWS,172.29.68.141,,onedrive.com,Access,Success,Security-relevant event observed.,user,0,
EVT2-00130,2026-01-20T19:45:32Z,DLP,DLP.Warned,Low,0.41,k.brown,AWS,203.0.113.235,,,DataLoss,Warned,Security-relevant event observed.,user,1,
EVT2-00131,2026-01-20T19:46:00Z,O365,OneDrive.MassDownload,High,0.78,l.garcia,O365,198.51.100.88,,onedrive.com,Access,Success,Sustained high-volume downloads; unusual compared to user's baseline.,user,1,insider_exfil_candidate
EVT2-00132,2026-01-20T19:47:00Z,DLP,DLP.PolicyMatch,High,0.74,l.garcia,LAP-133,172.21.242.129,,,DataLoss,Matched,Sensitive content detected in file handling (PII/financial keywords).,user,0,insider_exfil_candidate
EVT2-00133,2026-01-20T19:48:00Z,O365,OneDrive.MassDownload,High,0.78,l.garcia,O365,198.51.100.88,,onedrive.com,Access,Success,Sustained high-volume downloads; unusual compared to user's baseline.,user,1,insider_exfil_candidate
EVT2-00134,2026-01-20T19:48:32Z,Okta,Login.Success,Low,0.5,i.clark,CorpNet,172.28.15.82,,,Auth,,User authenticated successfully.,user,0,
EVT2-00135,2026-01-20T19:50:00Z,DLP,DLP.PolicyMatch,High,0.74,l.garcia,LAP-133,10.123.117.185,,,DataLoss,Matched,Sensitive content detected in file handling (PII/financial keywords).,user,0,insider_exfil_candidate
EVT2-00136,2026-01-20T19:50:13Z,EDR,USB.Mount,Critical,0.47,m.johnson,VDI-128,10.158.179.104,,,Endpoint,Observed,Security-relevant event observed.,user,0,high_confidence_signal
EVT2-00137,2026-01-20T19:51:45Z,VPN,VPN.Failed,High,0.62,j.smith,LAP-038,192.168.12.158,,,Auth,Failure,VPN authentication failed.,user,0,
EVT2-00138,2026-01-20T19:55:51Z,EDR,USB.Mount,Informational,0.53,l.garcia,DC-121,172.18.66.185,,,Endpoint,Observed,Security-relevant event observed.,user,0,
EVT2-00139,2026-01-20T19:59:25Z,Proxy,URL.Allowed,Informational,0.72,p.singh,SRV-172,10.206.32.190,203.0.113.35,okta.com,POST,Allowed,Web request allowed.,user,0,
EVT2-00140,2026-01-20T19:59:35Z,DNS,Query,Medium,0.62,i.clark,DC-005,192.168.105.163,,office.com,Query,Resolved,DNS query observed.,user,0,
EVT2-00141,2026-01-20T20:02:06Z,O365,OneDrive.MassDownload,Informational,0.48,svc-ci,Azure,203.0.113.171,,onedrive.com,Access,Success,High-volume OneDrive downloads observed.,service_account,1,
EVT2-00142,2026-01-20T20:05:29Z,AzureAD,AppConsent.Granted,Low,0.72,z.hassan,AWS,192.0.2.191,,,Auth,,Security-relevant event observed.,user,1,ransomware_attempt_blocked
EVT2-00143,2026-01-20T20:08:51Z,Firewall,Connection.Denied,High,0.46,j.smith,O365,10.195.151.196,203.0.113.28,,Network,Blocked,Connection denied by firewall policy.,user,0,high_confidence_signal
EVT2-00144,2026-01-20T20:09:59Z,O365,File.ShareExternal,High,0.44,v.ali,CorpNet,203.0.113.82,,office.com,Access,Success,High volume file activity; external sharing involved.,user,1,
EVT2-00145,2026-01-20T20:11:37Z,Proxy,Upload,Medium,0.58,m.patel,WS-079,172.23.67.245,192.0.2.71,microsoft.com,POST,Allowed,Upload via web proxy.,user,0,
EVT2-00146,2026-01-20T20:12:29Z,EmailGateway,Outbound.Spam,Informational,0.28,v.ali,API-098,10.250.68.235,192.168.81.21,proton.me,Inbound,Delivered,Security-relevant event observed.,user,0,
EVT2-00147,2026-01-20T20:13:14Z,O365,File.ShareExternal,Low,0.51,g.thomas,CorpNet,10.212.78.233,192.168.126.62,onedrive.com,Access,Success,High volume file activity; external sharing involved.,user,0,
EVT2-00148,2026-01-20T20:14:16Z,Firewall,Connection.Allowed,Low,0.75,j.smith,EndpointFleet,172.28.71.38,203.0.113.219,,Network,Allowed,Connection allowed by firewall policy.,user,0,
EVT2-00149,2026-01-20T20:14:34Z,EDR,CredentialDump.Suspected,Low,0.66,y.zhao,DB-007,203.0.113.71,,,Endpoint,Observed,Security-relevant event observed.,user,1,ransomware_attempt_blocked
EVT2-00150,2026-01-20T20:15:51Z,AzureAD,AppConsent.Granted,Informational,0.65,d.miller,O365,192.168.229.132,,,Auth,,Security-relevant event observed.,user,0,oauth_consent_attack
EVT2-00151,2026-01-20T20:17:27Z,EDR,Process.Suspicious,Medium,0.33,g.thomas,DC-070,192.168.91.59,,,Endpoint,Observed,Suspicious process behavior observed.,user,0,
EVT2-00152,2026-01-20T20:18:11Z,EmailGateway,Attachment.Blocked,Critical,0.86,v.ali,SRV-185,172.25.243.226,,proton.me,Inbound,Delivered,Security-relevant event observed.,user,0,
EVT2-00153,2026-01-20T20:19:54Z,O365,Mailbox.ForwardingSet,Medium,0.33,svc-ci,O365,192.168.127.31,,,Access,Success,Security-relevant event observed.,service_account,0,
EVT2-00154,2026-01-20T20:20:27Z,Proxy,Download,High,0.57,i.clark,DB-186,10.33.39.168,198.51.100.73,jira.corp.local,GET,Allowed,File downloaded via web proxy.,user,0,
EVT2-00155,2026-01-20T20:22:25Z,EDR,Exploit.Prevention,Informational,0.37,s.nguyen,MAIL-066,10.63.193.48,192.168.156.200,,Endpoint,Detected,Security-relevant event observed.,user,0,
EVT2-00156,2026-01-20T20:23:17Z,CloudTrail,EC2.SecurityGroupChange,Low,0.55,u.khan,O365,10.227.32.239,,,Cloud,Success,Security-relevant event observed.,user,0,
EVT2-00157,2026-01-20T20:27:02Z,EDR,USB.Mount,Medium,0.65,j.smith,DC-031,172.23.156.49,,,Endpoint,Observed,Security-relevant event observed.,user,0,
EVT2-00158,2026-01-20T20:27:09Z,EDR,USB.Mount,Informational,0.66,m.patel,LAP-026,10.114.132.72,,,Endpoint,Observed,Security-relevant event observed.,user,0,
EVT2-00159,2026-01-20T20:27:24Z,Proxy,TLS.SNI.Mismatch,Informational,0.42,q.wong,DC-220,192.168.181.18,203.0.113.88,vpn-corp-support.com,POST,Allowed,Security-relevant event observed.,user,0,high_confidence_signal
EVT2-00160,2026-01-20T20:27:46Z,MDM,Device.ComplianceFailed,Informational,0.72,sec-admin,LAP-163,192.168.201.73,192.168.33.166,,DeviceMgmt,NonCompliant,Security-relevant event observed.,privileged_user,0,
EVT2-00161,2026-01-20T20:29:42Z,Proxy,Upload,Medium,0.32,v.ali,VDI-089,172.29.54.234,203.0.113.69,aws.amazon.com,POST,Allowed,Upload via web proxy.,user,0,
EVT2-00162,2026-01-20T20:30:05Z,DNS,DGA.Suspected,Low,0.54,c.taylor,MAIL-223,172.28.145.193,,office.com,Query,Resolved,Security-relevant event observed.,user,0,high_confidence_signal
EVT2-00163,2026-01-20T20:34:15Z,Firewall,TLS.Anomaly,Informational,0.99,f.robinson,EndpointFleet,192.168.15.76,203.0.113.47,,Network,Blocked,Security-relevant event observed.,user,0,
EVT2-00164,2026-01-20T20:39:52Z,Firewall,GeoIP.Block,Medium,0.37,n.davis,O365,172.30.136.128,198.51.100.30,,Network,Blocked,Security-relevant event observed.,user,0,
EVT2-00165,2026-01-20T20:40:15Z,Okta,MFA.Failed,Critical,0.69,f.robinson,EndpointFleet,10.163.87.90,,,Auth,Failure,MFA denied or timed out.,user,0,
EVT2-00166,2026-01-20T20:41:32Z,Firewall,GeoIP.Block,Medium,0.63,k.brown,Azure,10.170.208.11,203.0.113.150,,Network,Blocked,Security-relevant event observed.,user,0,
EVT2-00167,2026-01-20T20:45:33Z,AzureAD,RiskySignin,Medium,0.57,a.chen,EndpointFleet,192.168.106.119,172.30.59.29,,Auth,Success,Security-relevant event observed.,user,0,high_confidence_signal
EVT2-00168,2026-01-20T20:46:52Z,DLP,DLP.Warned,Informational,0.4,sec-admin,Azure,172.20.175.143,192.168.231.151,,DataLoss,Warned,Security-relevant event observed.,privileged_user,0,
EVT2-00169,2026-01-20T20:47:01Z,Firewall,GeoIP.Block,Medium,0.74,g.thomas,AWS,198.51.100.98,203.0.113.140,,Network,Blocked,Security-relevant event observed.,user,1,
EVT2-00170,2026-01-20T20:49:46Z,EDR,Malware.Detected,Medium,0.62,n.davis,DB-010,172.28.110.149,172.20.211.248,,Endpoint,Detected,Malware detection on endpoint.,user,0,
EVT2-00171,2026-01-20T20:50:38Z,Okta,Policy.Change,Informational,0.63,p.singh,CorpNet,192.168.77.29,,,Auth,,Security-relevant event observed.,user,0,
EVT2-00172,2026-01-20T20:54:50Z,AzureAD,AppConsent.Granted,Informational,0.92,svc-deploy,AWS,172.25.225.207,,,Auth,,Security-relevant event observed.,service_account,0,oauth_consent_attack
EVT2-00173,2026-01-20T20:54:58Z,Firewall,Connection.Allowed,Low,0.29,k.brown,O365,203.0.113.188,192.0.2.223,,Network,Allowed,Connection allowed by firewall policy.,user,1,
EVT2-00174,2026-01-20T20:55:39Z,CloudTrail,S3.GetObject,Informational,0.51,d.miller,Azure,192.168.69.136,172.30.127.19,,Cloud,Success,Security-relevant event observed.,user,0,
EVT2-00175,2026-01-20T20:56:08Z,MDM,Device.Enrolled,Low,0.7,a.chen,WS-188,172.28.31.224,,,DeviceMgmt,Success,Security-relevant event observed.,user,0,
EVT2-00176,2026-01-20T20:59:04Z,DNS,TXT.Query,Low,0.68,f.robinson,SRV-197,192.0.2.80,172.23.89.92,microsoft.com,Query,Resolved,Security-relevant event observed.,user,1,
EVT2-00177,2026-01-20T20:59:08Z,DNS,Query,Medium,0.55,k.brown,SRV-103,172.22.103.140,,github.com,Query,Resolved,DNS query observed.,user,0,
EVT2-00178,2026-01-20T21:02:49Z,O365,SharePoint.Access,High,0.6,d.miller,CorpNet,192.168.95.93,,onedrive.com,Access,Success,Security-relevant event observed.,user,0,
EVT2-00179,2026-01-20T21:04:46Z,AzureAD,Token.Anomaly,High,0.38,svc-backup,Azure,198.51.100.159,,,Auth,,Security-relevant event observed.,service_account,1,high_confidence_signal
EVT2-00180,2026-01-20T21:10:00Z,EmailGateway,CredentialPhish.LinkClicked,High,0.84,q.wong,WS-021,203.0.113.55,,secure-o365-auth.com,Inbound,Delivered,User clicked credential phishing link; domain has low reputation.,user,1,oauth_consent_attack
EVT2-00181,2026-01-20T21:15:28Z,DNS,MX.Query,Medium,0.54,e.wilson,API-014,203.0.113.85,,okta.com,Query,Resolved,Security-relevant event observed.,user,1,
EVT2-00182,2026-01-20T21:16:00Z,AzureAD,AppConsent.Granted,High,0.86,q.wong,Azure,203.0.113.55,,,Auth,Success,OAuth consent granted to unfamiliar app 'GraphHelper'; scopes include Mail.Read and Files.Read.,user,1,oauth_consent_attack
EVT2-00183,2026-01-20T21:17:15Z,MDM,Device.JailbreakSuspected,Medium,0.32,p.singh,WS-091,10.48.84.14,,,DeviceMgmt,NonCompliant,Security-relevant event observed.,user,0,high_confidence_signal
EVT2-00184,2026-01-20T21:17:43Z,Firewall,Connection.Allowed,Informational,0.44,f.robinson,O365,192.168.225.236,203.0.113.149,,Network,Allowed,Connection allowed by firewall policy.,user,0,
EVT2-00185,2026-01-20T21:22:00Z,O365,Mailbox.ForwardingSet,High,0.88,q.wong,O365,203.0.113.55,,,Mailbox,Success,Mailbox forwarding rule created to external recipient 'receipts@proton.me'.,user,1,oauth_consent_attack
EVT2-00186,2026-01-20T21:22:08Z,O365,Mailbox.ForwardingSet,Medium,0.18,y.zhao,EndpointFleet,198.51.100.119,,,Access,Success,Security-relevant event observed.,user,1,
EVT2-00187,2026-01-20T21:23:29Z,Proxy,URL.Blocked,Informational,0.46,g.thomas,LAP-220,192.0.2.239,192.0.2.174,aws.amazon.com,GET,Blocked,Web request blocked by policy.,user,1,
EVT2-00188,2026-01-20T21:24:53Z,AzureAD,Signin.Failed,Informational,0.55,m.patel,CorpNet,172.30.14.14,,,Auth,Failure,Cloud sign-in failed.,user,0,
EVT2-00189,2026-01-20T21:25:19Z,VPN,VPN.Failed,Medium,0.59,q.wong,API-123,198.51.100.156,172.16.66.126,,Auth,Failure,VPN authentication failed.,user,1,
EVT2-00190,2026-01-20T21:25:23Z,EDR,USB.Mount,Medium,0.44,s.nguyen,SRV-019,192.168.140.85,10.14.5.215,,Endpoint,Observed,Security-relevant event observed.,user,0,
EVT2-00191,2026-01-20T21:26:32Z,O365,Admin.AuditLogCleared,Informational,0.58,i.clark,AWS,203.0.113.82,,,Access,Success,Security-relevant event observed.,user,1,
EVT2-00192,2026-01-20T21:26:48Z,CloudTrail,AccessKey.Created,Medium,0.37,n.davis,O365,172.19.187.109,,,Cloud,Success,Security-relevant event observed.,user,0,
EVT2-00193,2026-01-20T21:27:34Z,EmailGateway,Phish.Detected,Informational,0.58,a.chen,LAP-121,192.168.247.233,,outlook.com,Outbound,Delivered,Phishing email detected by gateway.,user,0,
EVT2-00194,2026-01-20T21:27:35Z,Firewall,Connection.Denied,Low,0.5,m.johnson,Azure,203.0.113.58,198.51.100.118,,Network,Blocked,Connection denied by firewall policy.,user,1,
EVT2-00195,2026-01-20T21:29:12Z,EDR,Process.Suspicious,Low,0.59,j.smith,LAP-232,172.28.129.82,,,Endpoint,Observed,Suspicious process behavior observed.,user,0,
EVT2-00196,2026-01-20T21:30:40Z,VPN,VPN.Connect,Low,0.2,c.taylor,DC-035,203.0.113.240,,,Auth,,VPN session established.,user,1,
EVT2-00197,2026-01-20T21:30:58Z,MDM,Device.ComplianceFailed,Critical,0.59,e.wilson,WS-184,192.168.17.39,,,DeviceMgmt,NonCompliant,Security-relevant event observed.,user,0,
EVT2-00198,2026-01-20T21:31:08Z,Firewall,DataTransfer.Large,Medium,0.5,h.lee,CorpNet,192.168.207.94,203.0.113.183,,Network,Blocked,Security-relevant event observed.,user,0,
EVT2-00199,2026-01-20T21:31:13Z,CloudTrail,IAM.PolicyChange,Medium,0.92,k.brown,EndpointFleet,10.25.186.245,,,Cloud,Success,Security-relevant event observed.,user,0,
EVT2-00200,2026-01-20T21:38:34Z,VPN,VPN.Failed,High,0.81,svc-ci,DC-113,198.51.100.215,,,Auth,Failure,VPN authentication failed.,service_account,1,
EVT2-00201,2026-01-20T21:42:02Z,Proxy,Download,Low,0.71,q.wong,SRV-037,203.0.113.128,198.51.100.8,zoom.us,GET,Allowed,File downloaded via web proxy.,user,1,
EVT2-00202,2026-01-20T21:45:44Z,VPN,SplitTunnel.Enabled,Medium,0.72,g.thomas,VDI-047,192.0.2.12,,,Auth,,Security-relevant event observed.,user,1,
EVT2-00203,2026-01-20T21:47:02Z,MDM,Device.LostModeEnabled,Informational,0.71,z.hassan,DC-032,192.168.140.72,172.18.105.170,,DeviceMgmt,Success,Security-relevant event observed.,user,0,ransomware_attempt_blocked
EVT2-00204,2026-01-20T21:48:05Z,DLP,DLP.PolicyMatch,Low,0.6,d.miller,Azure,192.168.161.115,,,DataLoss,Matched,Potential sensitive data pattern matched.,user,0,
EVT2-00205,2026-01-20T22:00:24Z,Okta,MFA.Failed,Informational,0.65,it-admin,EndpointFleet,172.29.93.162,,,Auth,Failure,MFA denied or timed out.,privileged_user,0,
EVT2-00206,2026-01-20T22:01:32Z,AzureAD,ImpossibleTravel,High,0.54,h.lee,CorpNet,172.17.167.89,,,Auth,,Security-relevant event observed.,user,0,
EVT2-00207,2026-01-20T22:02:01Z,DLP,DLP.Blocked,Informational,0.48,i.clark,Azure,203.0.113.35,,,DataLoss,Blocked,Security-relevant event observed.,user,1,
EVT2-00208,2026-01-20T22:03:32Z,DNS,NXDOMAIN,Low,0.49,k.brown,SRV-229,172.23.106.198,,jira.corp.local,Query,Resolved,Security-relevant event observed.,user,0,
EVT2-00209,2026-01-20T22:05:03Z,AzureAD,AppConsent.Granted,Informational,0.52,q.wong,EndpointFleet,192.0.2.145,,,Auth,,Security-relevant event observed.,user,1,oauth_consent_attack
EVT2-00210,2026-01-20T22:05:25Z,Proxy,TLS.SNI.Mismatch,Low,0.65,b.harris,WS-036,192.168.164.198,203.0.113.28,zoom.us,POST,Allowed,Security-relevant event observed.,user,0,high_confidence_signal
EVT2-00211,2026-01-20T22:08:25Z,CloudTrail,CloudWatch.AlarmDisabled,Critical,0.54,p.singh,CorpNet,10.243.43.202,172.31.191.19,,Cloud,Success,Security-relevant event observed.,user,0,
EVT2-00212,2026-01-20T22:14:12Z,DNS,Query,Low,0.58,o.martin,VDI-222,203.0.113.116,10.90.1.183,intranet.corp.local,Query,NXDOMAIN,DNS query observed.,user,1,
EVT2-00213,2026-01-20T22:19:44Z,AzureAD,ImpossibleTravel,High,0.22,svc-ci,Azure,192.168.252.26,,,Auth,,Security-relevant event observed.,service_account,0,
EVT2-00214,2026-01-20T22:20:19Z,Firewall,Connection.Denied,Informational,0.56,y.zhao,Azure,10.248.92.5,198.51.100.108,,Network,Blocked,Connection denied by firewall policy.,user,0,
EVT2-00215,2026-01-20T22:20:52Z,O365,File.ShareExternal,Informational,0.42,h.lee,CorpNet,172.30.182.16,,,Access,Success,High volume file activity; external sharing involved.,user,0,
EVT2-00216,2026-01-20T22:22:51Z,DLP,DLP.PolicyMatch,High,0.52,q.wong,O365,192.168.165.136,,,DataLoss,Matched,Potential sensitive data pattern matched.,user,0,high_confidence_signal
EVT2-00217,2026-01-20T22:22:56Z,AzureAD,Signin.Success,Informational,0.57,v.ali,AWS,203.0.113.191,,,Auth,,Cloud sign-in successful.,user,1,
EVT2-00218,2026-01-20T22:23:19Z,CloudTrail,IAM.PolicyChange,Low,0.59,f.robinson,O365,10.117.158.179,172.30.67.83,,Cloud,Success,Security-relevant event observed.,user,0,
EVT2-00219,2026-01-20T22:25:00Z,EDR,Ransomware.Blocked,High,0.33,u.khan,MAIL-039,192.0.2.193,,,Endpoint,Blocked,Security-relevant event observed.,user,1,ransomware_attempt_blocked
EVT2-00220,2026-01-20T22:31:13Z,DNS,Query,Informational,0.4,a.ivanov,MAIL-179,203.0.113.80,,github.com,Query,Resolved,DNS query observed.,user,1,
EVT2-00221,2026-01-20T22:32:49Z,EDR,Exploit.Prevention,High,0.83,r.kim,SRV-045,10.136.245.198,192.168.105.142,,Endpoint,Detected,Security-relevant event observed.,user,0,high_confidence_signal
EVT2-00222,2026-01-20T22:33:53Z,CloudTrail,CloudWatch.AlarmDisabled,Low,0.65,f.robinson,CorpNet,172.27.66.96,,,Cloud,Success,Security-relevant event observed.,user,0,
EVT2-00223,2026-01-20T22:36:12Z,VPN,VPN.Disconnect,Critical,0.58,u.khan,MAIL-164,192.0.2.52,192.168.101.240,,Auth,,Security-relevant event observed.,user,1,
EVT2-00224,2026-01-20T22:37:13Z,Firewall,Connection.Allowed,Medium,0.38,c.taylor,O365,172.16.20.153,203.0.113.218,,Network,Allowed,Connection allowed by firewall policy.,user,0,
EVT2-00225,2026-01-20T22:43:08Z,Proxy,URL.Blocked,Medium,0.68,m.johnson,MAIL-079,10.134.110.112,192.0.2.92,zoom.us,GET,Blocked,Web request blocked by policy.,user,0,
EVT2-00226,2026-01-20T22:46:52Z,AzureAD,AppConsent.Granted,Low,0.61,a.chen,Azure,10.65.164.206,172.16.146.206,,Auth,,Security-relevant event observed.,user,0,oauth_consent_attack
EVT2-00227,2026-01-20T22:48:08Z,O365,File.ShareExternal,Medium,0.55,svc-deploy,CorpNet,203.0.113.207,,,Access,Success,Security-relevant event observed.,service_account,1,
EVT2-00228,2026-01-20T22:53:17Z,VPN,VPN.Connect,Medium,0.53,a.chen,DC-188,203.0.113.229,,,Auth,,VPN session established.,user,1,
EVT2-00229,2026-01-20T22:55:36Z,AzureAD,Role.Assignment,Low,0.35,svc-monitor,CorpNet,172.26.39.67,,,Auth,,Security-relevant event observed.,service_account,0,
EVT2-00230,2026-01-20T23:03:21Z,EDR,USB.Mount,Medium,0.59,v.ali,DB-134,172.17.171.86,,,Endpoint,Observed,Security-relevant event observed.,user,0,
EVT2-00231,2026-01-20T23:06:03Z,Okta,Device.TrustFailed,Medium,0.64,d.miller,CorpNet,172.20.104.146,172.18.236.137,,Auth,Failure,Security-relevant event observed.,user,0,
EVT2-00232,2026-01-20T23:06:51Z,EDR,Ransomware.Blocked,Medium,0.37,s.nguyen,VDI-203,192.168.196.128,,,Endpoint,Blocked,Security-relevant event observed.,user,0,ransomware_attempt_blocked
EVT2-00233,2026-01-20T23:09:30Z,CloudTrail,IAM.PolicyChange,Medium,0.65,j.smith,AWS,203.0.113.198,,,Cloud,Success,Security-relevant event observed.,user,1,
EVT2-00234,2026-01-20T23:11:40Z,Firewall,PortScan.Detected,Low,0.63,h.lee,Azure,203.0.113.56,198.51.100.71,,Network,Blocked,Potential port scanning activity detected.,user,1,
EVT2-00235,2026-01-20T23:13:40Z,Okta,Password.Reset,Informational,0.89,y.zhao,CorpNet,192.168.119.191,,,Auth,,Security-relevant event observed.,user,0,
EVT2-00236,2026-01-20T23:14:05Z,Okta,MFA.Challenge,High,0.57,s.nguyen,AWS,192.0.2.178,,,Auth,,MFA challenge initiated.,user,1,
EVT2-00237,2026-01-20T23:14:21Z,EDR,CredentialDump.Suspected,High,0.31,y.zhao,API-175,192.168.82.125,172.29.180.194,,Endpoint,Observed,Security-relevant event observed.,user,0,ransomware_attempt_blocked
EVT2-00238,2026-01-20T23:14:23Z,Proxy,Download,Low,0.49,m.johnson,API-021,192.168.110.139,198.51.100.107,aws.amazon.com,GET,Allowed,File downloaded via web proxy.,user,0,
EVT2-00239,2026-01-20T23:17:16Z,MDM,Device.JailbreakSuspected,Low,0.38,m.patel,DB-210,198.51.100.175,,,DeviceMgmt,NonCompliant,Security-relevant event observed.,user,1,high_confidence_signal
EVT2-00240,2026-01-20T23:20:20Z,DLP,DLP.PolicyMatch,Low,0.51,g.thomas,EndpointFleet,203.0.113.62,10.81.242.132,,DataLoss,Matched,Potential sensitive data pattern matched.,user,1,
EVT2-00241,2026-01-20T23:20:27Z,EmailGateway,URL.Rewrite,High,0.32,b.harris,MAIL-148,172.28.172.68,,outlook.com,Outbound,Delivered,Security-relevant event observed.,user,0,
EVT2-00242,2026-01-20T23:23:46Z,EmailGateway,Phish.Detected,Informational,0.45,b.harris,LAP-029,192.168.93.218,,proton.me,Inbound,Delivered,Phishing email detected by gateway.,user,0,
EVT2-00243,2026-01-20T23:24:00Z,DNS,NXDOMAIN,Low,0.54,f.robinson,WS-164,192.168.22.6,,aws.amazon.com,Query,Resolved,Security-relevant event observed.,user,0,
EVT2-00244,2026-01-20T23:24:28Z,AzureAD,Token.Anomaly,Medium,0.63,y.zhao,AWS,192.168.104.73,,,Auth,,Security-relevant event observed.,user,0,high_confidence_signal
EVT2-00245,2026-01-20T23:24:32Z,EDR,LateralMovement.Suspected,Low,0.19,c.taylor,DB-028,192.0.2.131,,,Endpoint,Observed,Security-relevant event observed.,user,1,
EVT2-00246,2026-01-20T23:25:00Z,EDR,Process.Suspicious,High,0.82,z.hassan,WS-077,10.188.15.103,,,Endpoint,Blocked,Suspicious PowerShell with obfuscated command line.,user,0,ransomware_attempt_blocked
EVT2-00247,2026-01-20T23:25:20Z,O365,File.ShareExternal,High,0.71,r.kim,Azure,192.168.233.149,,office.com,Access,Success,Security-relevant event observed.,user,0,
EVT2-00248,2026-01-20T23:28:13Z,EmailGateway,Outbound.Spam,Low,0.22,u.khan,SRV-220,10.201.221.160,,vendor.example,Inbound,Delivered,Security-relevant event observed.,user,0,
EVT2-00249,2026-01-20T23:29:00Z,EDR,CredentialDump.Suspected,High,0.86,z.hassan,WS-077,10.49.34.131,,,Endpoint,Blocked,LSASS access pattern indicative of credential dumping.,user,0,ransomware_attempt_blocked
EVT2-00250,2026-01-20T23:30:23Z,Firewall,TLS.Anomaly,Informational,0.4,z.hassan,EndpointFleet,203.0.113.71,192.0.2.235,,Network,Blocked,Security-relevant event observed.,user,1,ransomware_attempt_blocked
EVT2-00251,2026-01-20T23:30:31Z,Firewall,GeoIP.Block,Informational,0.66,n.davis,O365,192.168.48.85,192.0.2.131,,Network,Blocked,Security-relevant event observed.,user,0,
EVT2-00252,2026-01-20T23:31:57Z,EDR,Exploit.Prevention,Low,0.79,z.hassan,VDI-200,172.18.27.134,,,Endpoint,Detected,Security-relevant event observed.,user,0,ransomware_attempt_blocked
EVT2-00253,2026-01-20T23:32:49Z,AzureAD,ImpossibleTravel,Low,0.63,q.wong,O365,10.52.227.209,,,Auth,,Security-relevant event observed.,user,0,
EVT2-00254,2026-01-20T23:33:00Z,EDR,Ransomware.Blocked,Critical,0.93,z.hassan,WS-077,192.168.115.219,,,Endpoint,Blocked,Ransomware behavior blocked; mass file rename prevented.,user,0,ransomware_attempt_blocked
EVT2-00255,2026-01-20T23:33:27Z,DNS,NXDOMAIN,Low,0.51,s.nguyen,VDI-058,192.168.209.232,,atlassian.net,Query,Resolved,Security-relevant event observed.,user,0,
EVT2-00256,2026-01-20T23:33:27Z,VPN,VPN.Disconnect,Low,0.37,c.taylor,LAP-099,10.252.194.94,192.168.47.240,,Auth,,Security-relevant event observed.,user,0,
EVT2-00257,2026-01-20T23:33:55Z,Proxy,Category.Block,Informational,0.25,e.wilson,VDI-136,198.51.100.130,192.0.2.119,jira.corp.local,GET,Blocked,Security-relevant event observed.,user,1,
EVT2-00258,2026-01-20T23:35:36Z,O365,OneDrive.MassDownload,Medium,0.79,r.kim,CorpNet,192.0.2.119,,,Access,Success,High-volume OneDrive downloads observed.,user,1,
EVT2-00259,2026-01-20T23:37:00Z,Firewall,C2.Connection,High,0.85,z.hassan,WS-077,172.17.164.149,203.0.113.200,,Network,Blocked,Outbound connection to known C2 infrastructure blocked.,user,0,ransomware_attempt_blocked
EVT2-00260,2026-01-20T23:39:16Z,AzureAD,Signin.Success,Low,0.59,c.taylor,O365,172.23.133.102,,,Auth,,Cloud sign-in successful.,user,0,
EVT2-00261,2026-01-20T23:43:05Z,Proxy,Category.Block,Informational,0.58,d.miller,MAIL-208,192.0.2.21,198.51.100.80,zoom.us,POST,Blocked,Security-relevant event observed.,user,1,
EVT2-00262,2026-01-20T23:51:01Z,O365,Admin.AuditLogCleared,High,0.58,j.smith,O365,198.51.100.35,192.168.124.77,onedrive.com,Access,Success,Security-relevant event observed.,user,1,
EVT2-00263,2026-01-20T23:53:15Z,MDM,Device.Enrolled,Informational,0.34,g.thomas,DB-016,192.0.2.193,172.20.127.216,,DeviceMgmt,Success,Security-relevant event observed.,user,1,
EVT2-00264,2026-01-20T23:54:07Z,DNS,Query,Critical,0.68,c.taylor,WS-127,10.58.120.116,,microsoft.com,Query,Resolved,DNS query observed.,user,0,high_confidence_signal
EVT2-00265,2026-01-20T23:54:35Z,MDM,Device.LostModeEnabled,Low,0.7,a.chen,LAP-228,203.0.113.53,192.168.178.38,,DeviceMgmt,Success,Security-relevant event observed.,user,1,
EVT2-00266,2026-01-20T23:54:37Z,Proxy,Category.Block,High,0.56,d.miller,WS-047,10.79.109.36,198.51.100.177,aws.amazon.com,GET,Blocked,Security-relevant event observed.,user,0,
EVT2-00267,2026-01-20T23:55:30Z,MDM,Device.Enrolled,Informational,0.51,q.wong,MAIL-121,10.24.106.25,,,DeviceMgmt,Success,Security-relevant event observed.,user,0,
EVT2-00268,2026-01-20T23:59:48Z,O365,OneDrive.MassDownload,Informational,0.57,sec-admin,EndpointFleet,10.4.249.124,,onedrive.com,Access,Success,High-volume OneDrive downloads observed.,privileged_user,0,
EVT2-00269,2026-01-21T00:02:58Z,AzureAD,RiskySignin,High,0.79,a.chen,EndpointFleet,10.223.0.7,,,Auth,Success,Security-relevant event observed.,user,0,high_confidence_signal
EVT2-00270,2026-01-21T00:04:42Z,VPN,VPN.GeoAnomaly,Medium,0.57,z.hassan,DB-220,10.5.254.79,,,Auth,Success,Security-relevant event observed.,user,0,ransomware_attempt_blocked
EVT2-00271,2026-01-21T00:05:22Z,Proxy,URL.Allowed,Low,0.29,z.hassan,LAP-153,192.0.2.156,203.0.113.151,slack.com,GET,Allowed,Web request allowed.,user,1,ransomware_attempt_blocked
EVT2-00272,2026-01-21T00:06:47Z,Okta,Password.Reset,Low,0.55,svc-backup,EndpointFleet,172.26.136.129,10.164.187.100,,Auth,,Security-relevant event observed.,service_account,0,
EVT2-00273,2026-01-21T00:12:30Z,DLP,DLP.Warned,Low,0.98,e.wilson,Azure,172.17.108.176,192.168.124.153,,DataLoss,Warned,Security-relevant event observed.,user,0,
EVT2-00274,2026-01-21T00:13:07Z,EmailGateway,DMARC.Fail,Low,0.74,p.singh,SRV-110,198.51.100.45,,outlook.com,Outbound,Delivered,Security-relevant event observed.,user,1,
EVT2-00275,2026-01-21T00:13:33Z,EmailGateway,DMARC.Fail,Informational,0.81,r.kim,API-120,10.200.41.96,,corp.local,Inbound,Delivered,Security-relevant event observed.,user,0,
EVT2-00276,2026-01-21T00:14:24Z,DLP,DLP.Blocked,Low,0.39,h.lee,Azure,192.0.2.117,,,DataLoss,Blocked,Security-relevant event observed.,user,1,
EVT2-00277,2026-01-21T00:15:54Z,MDM,Device.Enrolled,Informational,0.58,s.nguyen,MAIL-162,192.0.2.214,,,DeviceMgmt,Success,Security-relevant event observed.,user,1,
EVT2-00278,2026-01-21T00:17:48Z,VPN,VPN.Failed,Medium,0.47,t.jones,API-239,198.51.100.117,10.167.207.84,,Auth,Failure,VPN authentication failed.,user,1,
EVT2-00279,2026-01-21T00:19:47Z,Proxy,Download,Low,0.66,r.kim,DB-179,172.30.222.249,192.0.2.60,intranet.corp.local,POST,Allowed,File downloaded via web proxy.,user,0,
EVT2-00280,2026-01-21T00:20:18Z,Proxy,Download,Low,0.39,z.hassan,VDI-091,192.168.170.235,198.51.100.24,atlassian.net,GET,Allowed,File downloaded via web proxy.,user,0,ransomware_attempt_blocked
EVT2-00281,2026-01-21T00:25:28Z,Okta,MFA.Failed,High,0.67,o.martin,O365,172.31.191.117,172.18.251.232,,Auth,Failure,MFA denied or timed out.,user,0,
EVT2-00282,2026-01-21T00:27:11Z,EmailGateway,DMARC.Fail,High,0.52,m.johnson,WS-214,10.253.41.178,,proton.me,Inbound,Delivered,Security-relevant event observed.,user,0,
EVT2-00283,2026-01-21T00:30:08Z,DLP,DLP.PolicyMatch,Low,0.48,e.wilson,O365,192.168.154.238,10.208.192.123,,DataLoss,Matched,Potential sensitive data pattern matched.,user,0,
EVT2-00284,2026-01-21T00:31:13Z,CloudTrail,S3.GetObject,Critical,0.69,n.davis,Azure,10.64.169.252,,,Cloud,Success,Security-relevant event observed.,user,0,
EVT2-00285,2026-01-21T00:31:22Z,AzureAD,Signin.Success,Medium,0.42,it-admin,AWS,192.168.144.144,,,Auth,,Cloud sign-in successful.,privileged_user,0,
EVT2-00286,2026-01-21T00:31:40Z,AzureAD,Signin.Success,Critical,0.53,svc-deploy,O365,10.79.46.19,,,Auth,,Cloud sign-in successful.,service_account,0,
EVT2-00287,2026-01-21T00:33:00Z,DNS,TXT.Query,Critical,0.68,s.nguyen,LAP-052,172.23.134.122,,cdn.microsoft.com,Query,Resolved,Security-relevant event observed.,user,0,high_confidence_signal
EVT2-00288,2026-01-21T00:37:32Z,AzureAD,Token.Anomaly,Informational,0.72,v.ali,CorpNet,172.17.79.226,,,Auth,,Security-relevant event observed.,user,0,high_confidence_signal
EVT2-00289,2026-01-21T00:38:01Z,EmailGateway,DMARC.Fail,Informational,0.63,q.wong,WS-188,203.0.113.91,,gmail.com,Inbound,Delivered,Security-relevant event observed.,user,1,
EVT2-00290,2026-01-21T00:39:02Z,Okta,Device.TrustFailed,Medium,0.9,it-admin,AWS,172.25.49.49,,,Auth,Failure,Security-relevant event observed.,privileged_user,0,
EVT2-00291,2026-01-21T00:39:45Z,VPN,VPN.NewDevice,Low,0.46,svc-backup,MAIL-089,192.168.7.6,,,Auth,,Security-relevant event observed.,service_account,0,
EVT2-00292,2026-01-21T00:39:57Z,EDR,Ransomware.Blocked,Medium,0.36,j.smith,API-142,203.0.113.200,,,Endpoint,Blocked,Security-relevant event observed.,user,1,ransomware_attempt_blocked
EVT2-00293,2026-01-21T00:42:08Z,VPN,VPN.GeoAnomaly,Low,0.56,m.patel,VDI-229,203.0.113.179,,,Auth,Success,Security-relevant event observed.,user,1,high_confidence_signal
EVT2-00294,2026-01-21T00:43:34Z,DNS,Query,Informational,0.59,v.ali,DB-089,203.0.113.254,,okta.com,Query,Resolved,DNS query observed.,user,1,
EVT2-00295,2026-01-21T00:46:27Z,Proxy,TLS.SNI.Mismatch,Medium,0.53,y.zhao,SRV-140,10.164.179.164,203.0.113.49,login-micros0ft.com,GET,Allowed,Security-relevant event observed.,user,0,high_confidence_signal
EVT2-00296,2026-01-21T00:47:21Z,EDR,CredentialDump.Suspected,High,0.58,y.zhao,DC-127,192.168.57.199,192.168.202.50,,Endpoint,Observed,Security-relevant event observed.,user,0,ransomware_attempt_blocked
EVT2-00297,2026-01-21T00:47:48Z,DLP,DLP.Warned,Low,0.8,sec-admin,Azure,198.51.100.92,,,DataLoss,Warned,Security-relevant event observed.,privileged_user,1,
EVT2-00298,2026-01-21T00:53:25Z,Proxy,URL.Blocked,Critical,0.56,v.ali,API-009,10.0.152.180,198.51.100.246,aws.amazon.com,GET,Blocked,Web request blocked by policy.,user,0,
EVT2-00299,2026-01-21T00:54:05Z,AzureAD,Signin.Failed,Medium,0.4,it-admin,O365,192.168.7.80,,,Auth,Failure,Cloud sign-in failed.,privileged_user,0,
EVT2-00300,2026-01-21T00:55:33Z,DNS,MX.Query,High,0.27,b.harris,VDI-088,192.168.132.168,,atlassian.net,Query,Resolved,Security-relevant event observed.,user,0,high_confidence_signal
EVT2-00301,2026-01-21T00:56:32Z,EDR,USB.Mount,Low,0.41,g.thomas,API-005,192.0.2.138,,,Endpoint,Observed,Security-relevant event observed.,user,1,
EVT2-00302,2026-01-21T01:00:33Z,Firewall,Connection.Denied,Medium,0.53,p.singh,O365,198.51.100.83,192.0.2.17,,Network,Blocked,Connection denied by firewall policy.,user,1,
EVT2-00303,2026-01-21T01:02:44Z,DNS,MX.Query,Informational,0.33,k.brown,DC-144,10.162.213.172,10.162.147.8,microsoft.com,Query,Resolved,Security-relevant event observed.,user,0,
EVT2-00304,2026-01-21T01:03:18Z,MDM,Device.JailbreakSuspected,Informational,0.94,v.ali,VDI-021,172.26.41.175,,,DeviceMgmt,NonCompliant,Security-relevant event observed.,user,0,high_confidence_signal
EVT2-00305,2026-01-21T01:03:55Z,Firewall,GeoIP.Block,Informational,0.36,k.brown,EndpointFleet,172.27.91.31,192.0.2.21,,Network,Blocked,Security-relevant event observed.,user,0,
EVT2-00306,2026-01-21T01:04:33Z,EDR,Malware.Detected,Medium,0.75,p.singh,VDI-008,192.168.85.68,,,Endpoint,Detected,Malware detection on endpoint.,user,0,
EVT2-00307,2026-01-21T01:07:52Z,EDR,Malware.Detected,Low,0.67,k.brown,SRV-047,172.30.199.89,,,Endpoint,Detected,Malware detection on endpoint.,user,0,
EVT2-00308,2026-01-21T01:08:49Z,Okta,MFA.Failed,Medium,0.5,svc-monitor,CorpNet,192.168.251.196,,,Auth,Failure,MFA denied or timed out.,service_account,0,
EVT2-00309,2026-01-21T01:09:57Z,DNS,HighEntropy.Subdomain,Low,0.55,e.wilson,MAIL-015,192.0.2.57,,d1a9f3c2.exfil-data.net,Query,Resolved,Security-relevant event observed.,user,1,high_confidence_signal
EVT2-00310,2026-01-21T01:11:37Z,Okta,Device.TrustFailed,Medium,0.82,q.wong,CorpNet,192.168.181.195,172.27.100.249,,Auth,Failure,Security-relevant event observed.,user,0,
EVT2-00311,2026-01-21T01:16:25Z,MDM,Device.JailbreakSuspected,Informational,0.54,y.zhao,API-073,192.168.11.113,,,DeviceMgmt,NonCompliant,Security-relevant event observed.,user,0,high_confidence_signal
EVT2-00312,2026-01-21T01:16:25Z,Firewall,Connection.Denied,Low,0.56,f.robinson,AWS,192.0.2.53,192.0.2.20,,Network,Blocked,Connection denied by firewall policy.,user,1,
EVT2-00313,2026-01-21T01:20:25Z,EDR,Process.Suspicious,Medium,0.6,q.wong,SRV-141,198.51.100.36,,,Endpoint,Observed,Suspicious process behavior observed.,user,1,
EVT2-00314,2026-01-21T01:21:29Z,VPN,VPN.Failed,Critical,0.75,a.ivanov,LAP-185,192.168.76.71,,,Auth,Failure,VPN authentication failed.,user,0,
EVT2-00315,2026-01-21T01:23:19Z,EDR,Process.Suspicious,Low,0.45,h.lee,DC-129,198.51.100.234,,,Endpoint,Observed,Suspicious process behavior observed.,user,1,
EVT2-00316,2026-01-21T01:23:32Z,EmailGateway,Attachment.Blocked,Low,0.9,it-admin,API-223,192.0.2.121,,gmail.com,Inbound,Delivered,Security-relevant event observed.,privileged_user,1,
EVT2-00317,2026-01-21T01:25:36Z,EmailGateway,User.ReportedPhish,Informational,0.77,svc-monitor,VDI-233,10.168.18.209,,corp.local,Inbound,Delivered,Security-relevant event observed.,service_account,0,
EVT2-00318,2026-01-21T01:25:52Z,Okta,Policy.Change,Critical,0.59,i.clark,CorpNet,192.168.207.38,192.168.163.134,,Auth,,Security-relevant event observed.,user,0,
EVT2-00319,2026-01-21T01:26:24Z,Proxy,URL.Blocked,Medium,0.48,y.zhao,DB-060,172.30.109.53,192.0.2.71,slack.com,GET,Blocked,Web request blocked by policy.,user,0,
EVT2-00320,2026-01-21T01:27:00Z,Firewall,DataTransfer.Large,Low,0.72,v.ali,AWS,10.75.64.227,203.0.113.22,,Network,Blocked,Security-relevant event observed.,user,0,
EVT2-00321,2026-01-21T01:29:08Z,Okta,Login.Failed,Medium,0.65,sec-admin,EndpointFleet,10.99.183.207,,,Auth,Failure,Authentication failed (bad credentials or policy).,privileged_user,0,
EVT2-00322,2026-01-21T01:29:22Z,Firewall,TLS.Anomaly,Medium,0.81,t.jones,EndpointFleet,172.21.40.101,198.51.100.147,,Network,Blocked,Security-relevant event observed.,user,0,
EVT2-00323,2026-01-21T01:29:39Z,DLP,DLP.Warned,Low,0.29,z.hassan,O365,10.146.159.35,,,DataLoss,Warned,Security-relevant event observed.,user,0,ransomware_attempt_blocked
EVT2-00324,2026-01-21T01:30:27Z,Okta,MFA.Failed,Medium,0.61,k.brown,CorpNet,172.23.55.56,,,Auth,Failure,MFA denied or timed out.,user,0,
EVT2-00325,2026-01-21T01:33:19Z,MDM,Device.JailbreakSuspected,Informational,0.55,k.brown,SRV-030,10.25.195.231,192.168.119.166,,DeviceMgmt,NonCompliant,Security-relevant event observed.,user,0,high_confidence_signal
EVT2-00326,2026-01-21T01:35:59Z,Proxy,Download,Low,0.82,r.kim,MAIL-084,192.168.50.34,198.51.100.193,okta.com,POST,Allowed,File downloaded via web proxy.,user,0,
EVT2-00327,2026-01-21T01:41:19Z,EmailGateway,Attachment.Blocked,Medium,0.98,svc-deploy,WS-085,10.113.156.30,,proton.me,Inbound,Delivered,Security-relevant event observed.,service_account,0,
EVT2-00328,2026-01-21T01:42:11Z,Okta,Policy.Change,Low,0.79,i.clark,Azure,192.168.140.149,,,Auth,,Security-relevant event observed.,user,0,
EVT2-00329,2026-01-21T01:46:06Z,CloudTrail,AccessKey.Created,Low,0.54,y.zhao,CorpNet,10.192.170.107,,,Cloud,Success,Security-relevant event observed.,user,0,
EVT2-00330,2026-01-21T01:46:20Z,CloudTrail,IAM.PolicyChange,Low,0.71,i.clark,CorpNet,192.0.2.99,172.16.75.237,,Cloud,Success,Security-relevant event observed.,user,1,
EVT2-00331,2026-01-21T01:49:51Z,AzureAD,Role.Assignment,High,0.56,b.harris,EndpointFleet,192.168.92.149,,,Auth,,Security-relevant event observed.,user,0,
EVT2-00332,2026-01-21T01:50:50Z,AzureAD,AppConsent.Granted,Medium,0.4,o.martin,Azure,10.137.245.180,,,Auth,,Security-relevant event observed.,user,0,oauth_consent_attack
EVT2-00333,2026-01-21T01:53:02Z,DLP,DLP.Warned,Low,0.63,z.hassan,O365,203.0.113.139,,,DataLoss,Warned,Security-relevant event observed.,user,1,ransomware_attempt_blocked
EVT2-00334,2026-01-21T01:54:38Z,AzureAD,Signin.Success,Medium,0.55,q.wong,O365,172.19.64.49,,,Auth,,Cloud sign-in successful.,user,0,
EVT2-00335,2026-01-21T01:57:51Z,AzureAD,ImpossibleTravel,Low,0.56,sec-admin,Azure,172.17.224.238,,,Auth,,Security-relevant event observed.,privileged_user,0,
EVT2-00336,2026-01-21T01:58:11Z,DLP,DLP.Warned,Medium,0.28,o.martin,CorpNet,192.168.174.132,,,DataLoss,Warned,Security-relevant event observed.,user,0,
EVT2-00337,2026-01-21T01:59:05Z,Proxy,Upload,Informational,0.75,a.ivanov,DC-203,203.0.113.212,192.0.2.154,slack.com,GET,Allowed,Upload via web proxy.,user,1,
EVT2-00338,2026-01-21T02:01:58Z,VPN,VPN.Connect,Medium,0.69,i.clark,MAIL-152,192.0.2.247,,,Auth,,VPN session established.,user,1,
EVT2-00339,2026-01-21T02:02:17Z,VPN,VPN.Failed,High,0.8,l.garcia,WS-122,10.191.172.235,,,Auth,Failure,VPN authentication failed.,user,0,
EVT2-00340,2026-01-21T02:02:49Z,DLP,DLP.Warned,Informational,0.81,g.thomas,CorpNet,198.51.100.6,,,DataLoss,Warned,Security-relevant event observed.,user,1,
EVT2-00341,2026-01-21T02:02:53Z,O365,File.ShareExternal,Low,0.49,svc-monitor,O365,198.51.100.122,,sharepoint.com,Access,Success,High volume file activity; external sharing involved.,service_account,1,
EVT2-00342,2026-01-21T02:03:25Z,Okta,Login.Success,Low,0.57,m.patel,AWS,192.168.142.52,,,Auth,,User authenticated successfully.,user,0,
EVT2-00343,2026-01-21T02:04:41Z,EDR,LateralMovement.Suspected,Informational,0.32,n.davis,API-026,10.94.215.238,172.22.157.187,,Endpoint,Observed,Security-relevant event observed.,user,0,
EVT2-00344,2026-01-21T02:05:43Z,Firewall,GeoIP.Block,High,0.7,a.chen,EndpointFleet,192.0.2.36,203.0.113.163,,Network,Blocked,Security-relevant event observed.,user,1,high_confidence_signal
EVT2-00345,2026-01-21T02:06:13Z,DNS,Query,Low,0.49,g.thomas,API-069,10.85.235.39,,slack.com,Query,Resolved,DNS query observed.,user,0,
EVT2-00346,2026-01-21T02:09:24Z,Okta,Password.Reset,Low,0.64,h.lee,AWS,192.0.2.249,,,Auth,,Security-relevant event observed.,user,1,
EVT2-00347,2026-01-21T02:10:13Z,DNS,TXT.Query,Informational,0.53,c.taylor,API-206,10.45.46.196,,intranet.corp.local,Query,Resolved,Security-relevant event observed.,user,0,
EVT2-00348,2026-01-21T02:10:33Z,VPN,VPN.Failed,Low,0.75,a.ivanov,SRV-193,192.168.129.152,172.25.97.171,,Auth,Failure,VPN authentication failed.,user,0,
EVT2-00349,2026-01-21T02:13:00Z,Okta,MFA.Failed,High,0.55,l.garcia,CorpNet,10.117.229.208,,,Auth,Failure,MFA denied or timed out.,user,0,
EVT2-00350,2026-01-21T02:13:35Z,CloudTrail,AccessKey.Created,Informational,0.45,m.johnson,Azure,203.0.113.238,,,Cloud,Success,Security-relevant event observed.,user,1,
EVT2-00351,2026-01-21T02:14:30Z,VPN,VPN.GeoAnomaly,High,0.7,p.singh,SRV-126,10.103.246.216,,,Auth,Success,Security-relevant event observed.,user,0,high_confidence_signal
EVT2-00352,2026-01-21T02:16:27Z,Firewall,DataTransfer.Large,Critical,0.34,m.johnson,CorpNet,10.6.243.64,203.0.113.235,,Network,Blocked,Security-relevant event observed.,user,0,high_confidence_signal
EVT2-00353,2026-01-21T02:18:46Z,AzureAD,RiskySignin,Informational,0.49,t.jones,O365,192.168.95.161,,,Auth,Success,Security-relevant event observed.,user,0,high_confidence_signal
EVT2-00354,2026-01-21T02:19:15Z,AzureAD,AppConsent.Granted,Informational,0.61,p.singh,AWS,192.168.76.54,,,Auth,,Security-relevant event observed.,user,0,oauth_consent_attack
EVT2-00355,2026-01-21T02:22:02Z,O365,File.ShareExternal,Low,0.54,sec-admin,CorpNet,192.168.249.217,,,Access,Success,Security-relevant event observed.,privileged_user,0,
EVT2-00356,2026-01-21T02:25:24Z,EmailGateway,DMARC.Fail,Informational,0.37,o.martin,SRV-128,192.0.2.241,,gmail.com,Inbound,Delivered,Security-relevant event observed.,user,1,
EVT2-00357,2026-01-21T02:28:09Z,EDR,Ransomware.Blocked,Medium,0.91,q.wong,SRV-156,192.0.2.28,,,Endpoint,Blocked,Security-relevant event observed.,user,1,ransomware_attempt_blocked
EVT2-00358,2026-01-21T02:32:50Z,EDR,Malware.Detected,High,0.5,y.zhao,DB-176,192.0.2.21,,,Endpoint,Detected,Malware detection on endpoint.,user,1,high_confidence_signal
EVT2-00359,2026-01-21T02:35:25Z,AzureAD,Role.Assignment,Informational,0.54,h.lee,O365,192.168.139.132,172.28.75.2,,Auth,,Security-relevant event observed.,user,0,
EVT2-00360,2026-01-21T02:36:09Z,EDR,CredentialDump.Suspected,Low,0.68,e.wilson,MAIL-204,198.51.100.32,,,Endpoint,Observed,Security-relevant event observed.,user,1,ransomware_attempt_blocked
EVT2-00361,2026-01-21T02:44:49Z,Proxy,URL.Allowed,Informational,0.44,z.hassan,LAP-183,172.24.62.78,203.0.113.7,intranet.corp.local,POST,Allowed,Web request allowed.,user,0,ransomware_attempt_blocked
EVT2-00362,2026-01-21T02:45:33Z,Firewall,PortScan.Detected,Informational,0.25,u.khan,O365,192.168.43.191,192.0.2.42,,Network,Blocked,Potential port scanning activity detected.,user,0,
EVT2-00363,2026-01-21T02:48:32Z,EmailGateway,Outbound.Spam,Low,0.77,z.hassan,SRV-089,192.168.158.174,172.20.203.49,proton.me,Inbound,Delivered,Security-relevant event observed.,user,0,ransomware_attempt_blocked
EVT2-00364,2026-01-21T02:49:06Z,O365,File.Download,Informational,0.82,m.johnson,CorpNet,203.0.113.115,10.240.30.143,,Access,Success,Security-relevant event observed.,user,1,
EVT2-00365,2026-01-21T02:50:31Z,AzureAD,RiskySignin,Low,0.75,e.wilson,AWS,192.0.2.175,,,Auth,Success,Security-relevant event observed.,user,1,high_confidence_signal
EVT2-00366,2026-01-21T02:52:14Z,Firewall,TLS.Anomaly,Medium,0.71,y.zhao,O365,198.51.100.96,192.0.2.115,,Network,Blocked,Security-relevant event observed.,user,1,
EVT2-00367,2026-01-21T02:54:19Z,CloudTrail,KMS.Decrypt,Medium,0.42,n.davis,CorpNet,10.1.22.165,,,Cloud,Success,Security-relevant event observed.,user,0,
EVT2-00368,2026-01-21T02:54:28Z,EDR,Malware.Detected,Low,0.71,n.davis,WS-175,192.168.52.143,,,Endpoint,Detected,Malware detection on endpoint.,user,0,
EVT2-00369,2026-01-21T02:59:53Z,AzureAD,Signin.Failed,Medium,0.44,d.miller,Azure,192.168.96.36,,,Auth,Failure,Cloud sign-in failed.,user,0,
EVT2-00370,2026-01-21T03:02:30Z,EDR,USB.Mount,Low,0.66,r.kim,DB-123,172.31.168.144,,,Endpoint,Observed,Security-relevant event observed.,user,0,
EVT2-00371,2026-01-21T03:02:51Z,O365,SharePoint.Access,Informational,0.64,h.lee,EndpointFleet,172.17.143.21,,office.com,Access,Success,Security-relevant event observed.,user,0,
EVT2-00372,2026-01-21T03:06:09Z,EmailGateway,Outbound.Spam,Medium,0.64,h.lee,VDI-168,172.20.85.82,,corp.local,Inbound,Delivered,Security-relevant event observed.,user,0,
EVT2-00373,2026-01-21T03:07:04Z,Firewall,GeoIP.Block,Low,0.58,h.lee,EndpointFleet,172.30.134.110,198.51.100.166,,Network,Blocked,Security-relevant event observed.,user,0,
EVT2-00374,2026-01-21T03:07:51Z,VPN,VPN.Failed,Critical,0.67,sec-admin,DC-175,10.163.174.122,,,Auth,Failure,VPN authentication failed.,privileged_user,0,
EVT2-00375,2026-01-21T03:09:06Z,EDR,Malware.Detected,High,0.59,n.davis,DB-065,192.0.2.77,172.25.16.32,,Endpoint,Detected,Malware detection on endpoint.,user,1,high_confidence_signal
EVT2-00376,2026-01-21T03:15:09Z,EDR,Exploit.Prevention,Informational,0.74,f.robinson,VDI-175,198.51.100.191,,,Endpoint,Detected,Security-relevant event observed.,user,1,
EVT2-00377,2026-01-21T03:15:30Z,Proxy,NewDomain.Access,Medium,0.76,n.davis,API-123,10.89.29.251,192.0.2.64,zoom.us,GET,Allowed,Security-relevant event observed.,user,0,high_confidence_signal
EVT2-00378,2026-01-21T03:16:06Z,Proxy,TLS.SNI.Mismatch,Medium,0.5,o.martin,MAIL-082,192.0.2.178,192.0.2.248,update-chrome-security.com,POST,Allowed,Security-relevant event observed.,user,1,high_confidence_signal
EVT2-00379,2026-01-21T03:16:26Z,Firewall,Connection.Denied,Informational,0.47,c.taylor,O365,10.210.102.85,203.0.113.162,,Network,Blocked,Connection denied by firewall policy.,user,0,
EVT2-00380,2026-01-21T03:16:33Z,O365,File.Download,Informational,0.47,a.ivanov,AWS,198.51.100.224,,office.com,Access,Success,Security-relevant event observed.,user,1,
EVT2-00381,2026-01-21T03:19:17Z,EDR,Exploit.Prevention,Low,0.47,a.ivanov,WS-029,172.29.201.25,172.31.106.217,,Endpoint,Detected,Security-relevant event observed.,user,0,
EVT2-00382,2026-01-21T03:20:03Z,DNS,DGA.Suspected,Low,0.86,a.ivanov,VDI-014,192.168.44.145,172.27.188.88,cdn.zoom.us,Query,Resolved,Security-relevant event observed.,user,0,high_confidence_signal
EVT2-00383,2026-01-21T03:21:50Z,VPN,SplitTunnel.Enabled,High,0.76,s.nguyen,DC-046,10.222.9.104,,,Auth,,Security-relevant event observed.,user,0,
EVT2-00384,2026-01-21T03:27:10Z,EmailGateway,DMARC.Fail,Informational,0.31,a.ivanov,VDI-128,198.51.100.62,,gmail.com,Inbound,Quarantined,Security-relevant event observed.,user,1,
EVT2-00385,2026-01-21T03:28:31Z,O365,File.Download,Low,0.34,j.smith,EndpointFleet,172.21.112.192,,onedrive.com,Access,Success,Security-relevant event observed.,user,0,
EVT2-00386,2026-01-21T03:30:46Z,Firewall,GeoIP.Block,Medium,0.53,t.jones,CorpNet,172.26.125.217,203.0.113.95,,Network,Blocked,Security-relevant event observed.,user,0,
EVT2-00387,2026-01-21T03:32:28Z,VPN,VPN.Connect,Low,0.68,k.brown,LAP-085,172.21.48.19,,,Auth,,VPN session established.,user,0,
EVT2-00388,2026-01-21T03:34:59Z,EmailGateway,User.ReportedPhish,Informational,0.71,m.patel,SRV-113,192.168.91.197,,gmail.com,Inbound,Delivered,Security-relevant event observed.,user,0,
EVT2-00389,2026-01-21T03:37:39Z,AzureAD,Signin.Success,Low,0.61,svc-monitor,CorpNet,198.51.100.82,,,Auth,,Cloud sign-in successful.,service_account,1,
EVT2-00390,2026-01-21T03:37:39Z,Okta,Password.Reset,Low,0.56,y.zhao,AWS,192.168.45.81,,,Auth,,Security-relevant event observed.,user,0,
EVT2-00391,2026-01-21T03:43:46Z,Proxy,URL.Blocked,Low,0.38,v.ali,WS-144,192.168.224.10,198.51.100.60,office.com,POST,Blocked,Web request blocked by policy.,user,0,
EVT2-00392,2026-01-21T03:44:16Z,VPN,SplitTunnel.Enabled,Informational,0.65,s.nguyen,VDI-070,10.71.193.157,,,Auth,,Security-relevant event observed.,user,0,
EVT2-00393,2026-01-21T03:44:28Z,EDR,Exploit.Prevention,Low,0.65,z.hassan,SRV-147,198.51.100.177,,,Endpoint,Detected,Security-relevant event observed.,user,1,ransomware_attempt_blocked
EVT2-00394,2026-01-21T03:44:52Z,EmailGateway,DMARC.Fail,Medium,0.34,y.zhao,API-021,203.0.113.17,192.168.133.185,vendor.example,Outbound,Delivered,Security-relevant event observed.,user,1,
EVT2-00395,2026-01-21T03:46:51Z,EmailGateway,URL.Rewrite,Low,0.71,u.khan,DC-043,10.163.25.225,,outlook.com,Inbound,Delivered,Security-relevant event observed.,user,0,
EVT2-00396,2026-01-21T03:50:04Z,VPN,VPN.NewDevice,Informational,0.65,svc-monitor,LAP-213,172.21.241.100,10.24.163.238,,Auth,,Security-relevant event observed.,service_account,0,
EVT2-00397,2026-01-21T03:50:39Z,DLP,DLP.Blocked,Low,0.56,z.hassan,CorpNet,192.168.183.28,,,DataLoss,Blocked,Security-relevant event observed.,user,0,ransomware_attempt_blocked
EVT2-00398,2026-01-21T03:51:31Z,CloudTrail,CloudWatch.AlarmDisabled,Informational,0.7,i.clark,Azure,192.0.2.16,,,Cloud,Success,Security-relevant event observed.,user,1,
EVT2-00399,2026-01-21T03:52:22Z,VPN,VPN.Disconnect,Low,0.18,a.chen,DB-172,192.168.30.248,192.168.109.179,,Auth,,Security-relevant event observed.,user,0,
EVT2-00400,2026-01-21T03:54:33Z,EDR,LateralMovement.Suspected,Informational,0.48,i.clark,WS-147,172.16.223.47,,,Endpoint,Observed,Security-relevant event observed.,user,0,
EVT2-00401,2026-01-21T03:58:25Z,EDR,Ransomware.Blocked,Informational,0.96,u.khan,DC-006,192.168.40.13,192.168.231.29,,Endpoint,Blocked,Security-relevant event observed.,user,0,ransomware_attempt_blocked
EVT2-00402,2026-01-21T03:59:15Z,Firewall,GeoIP.Block,Informational,0.47,d.miller,Azure,172.20.56.14,192.0.2.241,,Network,Blocked,Security-relevant event observed.,user,0,
EVT2-00403,2026-01-21T03:59:38Z,MDM,Device.ComplianceFailed,Medium,0.9,svc-deploy,SRV-066,10.51.218.102,,,DeviceMgmt,NonCompliant,Security-relevant event observed.,service_account,0,
EVT2-00404,2026-01-21T04:00:54Z,Okta,Login.Failed,Medium,0.7,svc-backup,AWS,192.168.255.250,10.1.11.135,,Auth,Failure,Authentication failed (bad credentials or policy).,service_account,0,
EVT2-00405,2026-01-21T04:00:59Z,DLP,DLP.Blocked,Informational,0.4,f.robinson,AWS,198.51.100.183,192.168.15.63,,DataLoss,Blocked,Security-relevant event observed.,user,1,
EVT2-00406,2026-01-21T04:05:50Z,EDR,Malware.Detected,Low,0.27,n.davis,DB-083,10.255.227.149,,,Endpoint,Detected,Malware detection on endpoint.,user,0,
EVT2-00407,2026-01-21T04:08:47Z,MDM,Device.JailbreakSuspected,Low,0.79,svc-deploy,SRV-039,192.0.2.129,,,DeviceMgmt,NonCompliant,Security-relevant event observed.,service_account,1,high_confidence_signal
EVT2-00408,2026-01-21T04:09:57Z,EDR,Process.Suspicious,Low,0.38,y.zhao,DB-134,192.168.41.169,,,Endpoint,Observed,Suspicious process behavior observed.,user,0,
EVT2-00409,2026-01-21T04:16:27Z,DLP,DLP.PolicyMatch,High,0.67,r.kim,AWS,198.51.100.104,,,DataLoss,Matched,Potential sensitive data pattern matched.,user,1,high_confidence_signal
EVT2-00410,2026-01-21T04:16:33Z,Okta,MFA.Challenge,Informational,0.51,svc-monitor,CorpNet,172.30.118.58,,,Auth,,MFA challenge initiated.,service_account,0,
EVT2-00411,2026-01-21T04:21:28Z,Firewall,C2.Connection,High,0.89,z.hassan,CorpNet,198.51.100.138,198.51.100.148,,Network,Blocked,Security-relevant event observed.,user,1,ransomware_attempt_blocked
EVT2-00412,2026-01-21T04:22:01Z,Proxy,Download,Low,0.91,j.smith,LAP-180,10.67.14.234,203.0.113.46,jira.corp.local,GET,Allowed,File downloaded via web proxy.,user,0,
EVT2-00413,2026-01-21T04:28:15Z,DLP,DLP.Blocked,Informational,0.48,g.thomas,EndpointFleet,172.28.177.14,10.96.26.172,,DataLoss,Blocked,Security-relevant event observed.,user,0,
EVT2-00414,2026-01-21T04:29:38Z,CloudTrail,S3.GetObject,Medium,0.58,a.chen,O365,192.0.2.75,10.185.59.135,,Cloud,Success,Security-relevant event observed.,user,1,
EVT2-00415,2026-01-21T04:31:00Z,Okta,Policy.Change,Informational,0.73,v.ali,CorpNet,10.127.124.44,,,Auth,,Security-relevant event observed.,user,0,
EVT2-00416,2026-01-21T04:33:43Z,Proxy,Category.Block,Informational,0.52,s.nguyen,API-085,10.8.193.228,203.0.113.202,okta.com,GET,Blocked,Security-relevant event observed.,user,0,
EVT2-00417,2026-01-21T04:34:39Z,DNS,MX.Query,Medium,0.66,a.ivanov,LAP-105,10.201.182.178,,zoom.us,Query,Resolved,Security-relevant event observed.,user,0,
EVT2-00418,2026-01-21T04:41:25Z,CloudTrail,S3.GetObject,Informational,0.1,a.ivanov,CorpNet,192.168.202.226,,,Cloud,Success,Security-relevant event observed.,user,0,
EVT2-00419,2026-01-21T04:42:35Z,Okta,Device.TrustFailed,Medium,0.76,p.singh,AWS,192.168.100.232,,,Auth,Failure,Security-relevant event observed.,user,0,
EVT2-00420,2026-01-21T04:43:44Z,Okta,MFA.Challenge,High,0.27,u.khan,Azure,203.0.113.213,,,Auth,,MFA challenge initiated.,user,1,
EVT2-00421,2026-01-21T04:44:16Z,MDM,Device.LostModeEnabled,Medium,0.27,d.miller,LAP-084,198.51.100.112,,,DeviceMgmt,Success,Security-relevant event observed.,user,1,
EVT2-00422,2026-01-21T04:45:19Z,AzureAD,ImpossibleTravel,High,0.38,q.wong,Azure,10.36.45.37,,,Auth,,Security-relevant event observed.,user,0,
EVT2-00423,2026-01-21T04:45:32Z,CloudTrail,KMS.Decrypt,Informational,0.78,m.patel,O365,10.210.185.186,,,Cloud,Success,Security-relevant event observed.,user,0,
EVT2-00424,2026-01-21T04:48:01Z,EDR,Exploit.Prevention,Informational,0.55,c.taylor,LAP-181,192.168.206.55,172.21.184.115,,Endpoint,Detected,Security-relevant event observed.,user,0,
EVT2-00425,2026-01-21T04:49:22Z,DNS,DGA.Suspected,Informational,0.56,y.zhao,LAP-036,172.25.51.90,,slack.com,Query,Resolved,Security-relevant event observed.,user,0,high_confidence_signal
EVT2-00426,2026-01-21T04:49:51Z,O365,SharePoint.Access,Low,0.46,u.khan,O365,10.101.219.142,,office.com,Access,Success,Security-relevant event observed.,user,0,
EVT2-00427,2026-01-21T04:53:10Z,O365,SharePoint.Access,Informational,0.69,k.brown,CorpNet,198.51.100.216,,,Access,Success,Security-relevant event observed.,user,1,
EVT2-00428,2026-01-21T04:56:15Z,VPN,SplitTunnel.Enabled,Low,0.5,a.chen,DB-193,192.168.184.69,,,Auth,,Security-relevant event observed.,user,0,
EVT2-00429,2026-01-21T04:57:22Z,DLP,DLP.Blocked,Informational,0.53,svc-monitor,CorpNet,198.51.100.66,,,DataLoss,Blocked,Security-relevant event observed.,service_account,1,
EVT2-00430,2026-01-21T04:58:04Z,O365,OAuth.AppAdded,High,0.34,i.clark,CorpNet,172.25.107.135,172.26.184.172,onedrive.com,Access,Success,Security-relevant event observed.,user,0,oauth_consent_attack
EVT2-00431,2026-01-21T05:02:20Z,AzureAD,Signin.Success,Low,0.74,k.brown,EndpointFleet,172.21.67.94,,,Auth,,Cloud sign-in successful.,user,0,
EVT2-00432,2026-01-21T05:03:59Z,Okta,Policy.Change,Informational,0.67,t.jones,CorpNet,172.23.237.94,,,Auth,,Security-relevant event observed.,user,0,
EVT2-00433,2026-01-21T05:04:36Z,O365,OneDrive.MassDownload,Low,0.36,o.martin,CorpNet,192.0.2.145,,office.com,Access,Success,High volume file activity; external sharing involved.,user,1,
EVT2-00434,2026-01-21T05:05:39Z,DNS,TXT.Query,Informational,0.57,m.patel,MAIL-218,10.20.84.244,,intranet.corp.local,Query,Resolved,Security-relevant event observed.,user,0,
EVT2-00435,2026-01-21T05:06:03Z,EmailGateway,Phish.Detected,Medium,0.41,svc-ci,WS-190,192.0.2.190,,fileshare-sync.net,Outbound,Delivered,Phishing email detected by gateway.,service_account,1,
EVT2-00436,2026-01-21T05:12:17Z,Firewall,TLS.Anomaly,Informational,0.81,g.thomas,Azure,192.0.2.125,192.0.2.12,,Network,Blocked,Security-relevant event observed.,user,1,
EVT2-00437,2026-01-21T05:18:28Z,Proxy,TLS.SNI.Mismatch,Medium,0.75,d.miller,DB-163,198.51.100.122,192.0.2.86,secure-o365-auth.com,GET,Allowed,Security-relevant event observed.,user,1,high_confidence_signal
EVT2-00438,2026-01-21T05:18:50Z,AzureAD,Signin.Success,Informational,0.68,b.harris,EndpointFleet,10.128.183.32,,,Auth,,Cloud sign-in successful.,user,0,
EVT2-00439,2026-01-21T05:20:53Z,Proxy,NewDomain.Access,Informational,0.21,e.wilson,DB-209,10.146.116.146,192.0.2.56,onedrive-sharepoint-download.com,GET,Allowed,Security-relevant event observed.,user,0,high_confidence_signal
EVT2-00440,2026-01-21T05:23:39Z,CloudTrail,CloudWatch.AlarmDisabled,Medium,0.67,o.martin,AWS,192.0.2.56,,,Cloud,Success,Security-relevant event observed.,user,1,
EVT2-00441,2026-01-21T05:25:34Z,MDM,Device.LostModeEnabled,Informational,0.83,m.patel,DC-232,192.168.248.57,,,DeviceMgmt,Success,Security-relevant event observed.,user,0,
EVT2-00442,2026-01-21T05:25:58Z,Firewall,C2.Connection,Low,0.5,e.wilson,CorpNet,172.21.104.89,203.0.113.62,,Network,Blocked,Security-relevant event observed.,user,0,
EVT2-00443,2026-01-21T05:27:45Z,CloudTrail,EC2.SecurityGroupChange,High,0.17,s.nguyen,Azure,192.0.2.71,,,Cloud,Success,Security-relevant event observed.,user,1,
EVT2-00444,2026-01-21T05:28:35Z,AzureAD,AppConsent.Granted,Low,0.5,p.singh,O365,10.181.17.81,192.168.116.121,,Auth,,Security-relevant event observed.,user,0,oauth_consent_attack
EVT2-00445,2026-01-21T05:29:00Z,Firewall,Connection.Denied,Low,0.67,h.lee,EndpointFleet,10.145.194.224,192.0.2.76,,Network,Blocked,Connection denied by firewall policy.,user,0,
EVT2-00446,2026-01-21T05:34:38Z,DNS,TXT.Query,Low,0.65,n.davis,MAIL-076,172.16.214.148,,intranet.corp.local,Query,Resolved,Security-relevant event observed.,user,0,
EVT2-00447,2026-01-21T05:34:57Z,AzureAD,AppConsent.Granted,Informational,0.56,k.brown,CorpNet,198.51.100.30,,,Auth,,Security-relevant event observed.,user,1,oauth_consent_attack
EVT2-00448,2026-01-21T05:35:19Z,AzureAD,Signin.Failed,Medium,0.58,l.garcia,CorpNet,172.19.78.147,,,Auth,Failure,Cloud sign-in failed.,user,0,
EVT2-00449,2026-01-21T05:41:49Z,AzureAD,AppConsent.Granted,High,0.8,e.wilson,AWS,203.0.113.136,,,Auth,,Security-relevant event observed.,user,1,oauth_consent_attack
EVT2-00450,2026-01-21T05:42:03Z,O365,Admin.AuditLogCleared,Medium,0.62,t.jones,AWS,203.0.113.7,,,Access,Success,Security-relevant event observed.,user,1,
EVT2-00451,2026-01-21T05:43:28Z,EDR,Exploit.Prevention,High,0.41,i.clark,WS-172,198.51.100.162,,,Endpoint,Detected,Security-relevant event observed.,user,1,high_confidence_signal
EVT2-00452,2026-01-21T05:43:49Z,CloudTrail,KMS.Decrypt,Low,0.79,c.taylor,CorpNet,10.47.105.217,,,Cloud,Success,Security-relevant event observed.,user,0,
EVT2-00453,2026-01-21T05:44:15Z,VPN,VPN.Connect,Medium,0.48,s.nguyen,SRV-138,192.168.42.39,,,Auth,,VPN session established.,user,0,
EVT2-00454,2026-01-21T05:46:37Z,O365,SharePoint.Access,Low,0.57,g.thomas,EndpointFleet,10.25.123.185,172.25.209.132,sharepoint.com,Access,Success,Security-relevant event observed.,user,0,
EVT2-00455,2026-01-21T05:50:49Z,MDM,Device.LostModeEnabled,Medium,0.82,svc-ci,API-071,198.51.100.79,172.29.245.186,,DeviceMgmt,Success,Security-relevant event observed.,service_account,1,
EVT2-00456,2026-01-21T05:53:40Z,VPN,VPN.GeoAnomaly,High,0.39,c.taylor,API-111,172.20.134.158,,,Auth,Success,Security-relevant event observed.,user,0,high_confidence_signal
EVT2-00457,2026-01-21T05:58:32Z,EmailGateway,URL.Rewrite,High,0.37,r.kim,WS-165,192.0.2.103,,gmail.com,Inbound,Delivered,Security-relevant event observed.,user,1,
EVT2-00458,2026-01-21T05:59:15Z,Proxy,TLS.SNI.Mismatch,Low,0.44,i.clark,DB-116,192.168.84.193,203.0.113.217,zoom.us,GET,Allowed,Security-relevant event observed.,user,0,high_confidence_signal
EVT2-00459,2026-01-21T06:01:10Z,Firewall,GeoIP.Block,Informational,0.59,a.chen,CorpNet,192.0.2.186,198.51.100.229,,Network,Blocked,Security-relevant event observed.,user,1,
EVT2-00460,2026-01-21T06:01:39Z,CloudTrail,CloudWatch.AlarmDisabled,Low,0.11,h.lee,Azure,10.82.72.130,,,Cloud,Success,Security-relevant event observed.,user,0,
EVT2-00461,2026-01-21T06:03:46Z,Firewall,PortScan.Detected,Medium,0.77,f.robinson,O365,203.0.113.239,203.0.113.15,,Network,Blocked,Potential port scanning activity detected.,user,1,
EVT2-00462,2026-01-21T06:04:14Z,Proxy,Upload,Informational,0.57,a.ivanov,VDI-136,192.168.130.235,198.51.100.15,okta.com,POST,Allowed,Upload via web proxy.,user,0,
EVT2-00463,2026-01-21T06:07:35Z,VPN,VPN.Failed,Critical,0.57,m.patel,MAIL-158,10.103.225.197,,,Auth,Failure,VPN authentication failed.,user,0,
EVT2-00464,2026-01-21T06:16:44Z,O365,Admin.AuditLogCleared,Informational,0.53,q.wong,AWS,10.115.226.246,,sharepoint.com,Access,Success,Security-relevant event observed.,user,0,
EVT2-00465,2026-01-21T06:20:54Z,Proxy,URL.Blocked,Low,0.67,t.jones,API-184,192.168.147.178,198.51.100.60,atlassian.net,POST,Blocked,Web request blocked by policy.,user,0,
EVT2-00466,2026-01-21T06:21:51Z,Proxy,URL.Allowed,Low,0.25,u.khan,WS-203,198.51.100.174,192.0.2.221,slack.com,GET,Allowed,Web request allowed.,user,1,
EVT2-00467,2026-01-21T06:25:50Z,Okta,Password.Reset,Informational,0.51,l.garcia,Azure,10.83.147.179,172.31.76.90,,Auth,,Security-relevant event observed.,user,0,
EVT2-00468,2026-01-21T06:26:19Z,AzureAD,Signin.Failed,Low,0.88,q.wong,EndpointFleet,198.51.100.34,172.25.215.208,,Auth,Failure,Cloud sign-in failed.,user,1,
EVT2-00469,2026-01-21T06:27:37Z,EDR,Exploit.Prevention,Informational,0.65,c.taylor,SRV-082,192.168.106.122,,,Endpoint,Detected,Security-relevant event observed.,user,0,
EVT2-00470,2026-01-21T06:29:10Z,Proxy,Upload,Medium,0.62,s.nguyen,WS-109,192.0.2.68,192.0.2.168,zoom.us,GET,Allowed,Upload via web proxy.,user,1,
EVT2-00471,2026-01-21T06:33:00Z,Proxy,URL.Blocked,Low,0.66,f.robinson,API-037,172.19.136.165,192.0.2.69,atlassian.net,GET,Blocked,Web request blocked by policy.,user,0,
EVT2-00472,2026-01-21T06:37:45Z,DNS,NXDOMAIN,Low,0.87,f.robinson,DC-199,203.0.113.243,192.168.87.22,office.com,Query,Resolved,Security-relevant event observed.,user,1,
EVT2-00473,2026-01-21T06:37:45Z,Okta,Password.Reset,Low,0.57,d.miller,CorpNet,203.0.113.44,10.152.52.150,,Auth,,Security-relevant event observed.,user,1,
EVT2-00474,2026-01-21T06:38:39Z,EmailGateway,Outbound.Spam,Informational,0.67,n.davis,WS-007,172.25.114.22,,gmail.com,Inbound,Quarantined,Security-relevant event observed.,user,0,
EVT2-00475,2026-01-21T06:42:15Z,Proxy,Upload,High,0.59,p.singh,MAIL-203,203.0.113.138,198.51.100.57,microsoft.com,GET,Allowed,Upload via web proxy.,user,1,
EVT2-00476,2026-01-21T06:43:45Z,EDR,Process.Suspicious,Medium,0.51,n.davis,DC-198,192.0.2.40,,,Endpoint,Observed,Suspicious process behavior observed.,user,1,
EVT2-00477,2026-01-21T06:44:20Z,AzureAD,Signin.Success,Critical,0.23,it-admin,CorpNet,192.0.2.140,,,Auth,,Cloud sign-in successful.,privileged_user,1,
EVT2-00478,2026-01-21T06:48:45Z,EmailGateway,CredentialPhish.LinkClicked,Critical,0.73,b.harris,MAIL-189,192.168.217.203,,onedrive-sharepoint-download.com,Inbound,Delivered,Security-relevant event observed.,user,0,
EVT2-00479,2026-01-21T06:49:30Z,O365,OAuth.AppAdded,High,0.68,v.ali,AWS,10.131.229.183,,sharepoint.com,Access,Success,Security-relevant event observed.,user,0,oauth_consent_attack
EVT2-00480,2026-01-21T06:49:35Z,EDR,USB.Mount,Critical,0.7,s.nguyen,MAIL-201,192.168.98.196,,,Endpoint,Observed,Security-relevant event observed.,user,0,high_confidence_signal
EVT2-00481,2026-01-21T06:50:42Z,EmailGateway,DMARC.Fail,Informational,0.38,y.zhao,MAIL-123,172.22.93.20,10.235.222.34,gmail.com,Outbound,Delivered,Security-relevant event observed.,user,0,
EVT2-00482,2026-01-21T06:56:14Z,EDR,USB.Mount,Informational,0.97,i.clark,LAP-194,10.248.212.73,,,Endpoint,Observed,Security-relevant event observed.,user,0,
EVT2-00483,2026-01-21T07:00:06Z,Proxy,URL.Allowed,Low,0.57,v.ali,LAP-188,172.20.202.153,203.0.113.103,okta.com,POST,Allowed,Web request allowed.,user,0,
EVT2-00484,2026-01-21T07:01:09Z,Okta,Login.Success,Low,0.55,y.zhao,Azure,198.51.100.145,172.26.163.146,,Auth,,User authenticated successfully.,user,1,
EVT2-00485,2026-01-21T07:06:15Z,VPN,VPN.NewDevice,High,0.66,m.patel,MAIL-035,192.168.49.18,,,Auth,,Security-relevant event observed.,user,0,
EVT2-00486,2026-01-21T07:07:16Z,DNS,HighEntropy.Subdomain,Informational,0.62,b.harris,LAP-056,192.168.35.105,,intranet.corp.local,Query,Resolved,Security-relevant event observed.,user,0,high_confidence_signal
EVT2-00487,2026-01-21T07:07:21Z,O365,SharePoint.Access,Medium,0.68,a.chen,Azure,192.168.103.69,,onedrive.com,Access,Success,Security-relevant event observed.,user,0,
EVT2-00488,2026-01-21T07:11:59Z,VPN,SplitTunnel.Enabled,Critical,0.81,svc-ci,WS-068,10.173.145.57,,,Auth,,Security-relevant event observed.,service_account,0,
EVT2-00489,2026-01-21T07:12:50Z,DLP,DLP.PolicyMatch,Medium,0.53,h.lee,CorpNet,198.51.100.4,,,DataLoss,Matched,Potential sensitive data pattern matched.,user,1,
EVT2-00490,2026-01-21T07:13:28Z,DNS,TXT.Query,Informational,0.74,i.clark,VDI-103,192.168.205.180,,jira.corp.local,Query,Resolved,Security-relevant event observed.,user,0,
EVT2-00491,2026-01-21T07:14:01Z,EDR,Process.Suspicious,High,0.57,m.patel,WS-039,203.0.113.167,172.29.143.141,,Endpoint,Observed,Suspicious process behavior observed.,user,1,high_confidence_signal
EVT2-00492,2026-01-21T07:16:02Z,Okta,Policy.Change,Medium,0.53,y.zhao,Azure,198.51.100.85,,,Auth,,Security-relevant event observed.,user,1,
EVT2-00493,2026-01-21T07:16:16Z,AzureAD,Role.Assignment,Low,0.43,c.taylor,O365,192.168.116.62,192.168.85.186,,Auth,,Security-relevant event observed.,user,0,
EVT2-00494,2026-01-21T07:16:24Z,EDR,LateralMovement.Suspected,Medium,0.44,n.davis,SRV-065,192.168.169.86,,,Endpoint,Observed,Security-relevant event observed.,user,0,
EVT2-00495,2026-01-21T07:20:07Z,CloudTrail,KMS.Decrypt,Medium,0.45,k.brown,EndpointFleet,172.23.83.120,,,Cloud,Success,Security-relevant event observed.,user,0,
EVT2-00496,2026-01-21T07:21:48Z,O365,OneDrive.MassDownload,Informational,0.88,b.harris,Azure,192.168.138.231,,onedrive.com,Access,Success,High volume file activity; external sharing involved.,user,0,
EVT2-00497,2026-01-21T07:21:52Z,EDR,Exploit.Prevention,Medium,0.8,a.chen,SRV-159,192.0.2.147,,,Endpoint,Detected,Security-relevant event observed.,user,1,
EVT2-00498,2026-01-21T07:26:10Z,Firewall,Connection.Allowed,Informational,0.53,z.hassan,CorpNet,10.16.10.27,203.0.113.251,,Network,Allowed,Connection allowed by firewall policy.,user,0,ransomware_attempt_blocked
EVT2-00499,2026-01-21T07:27:02Z,AzureAD,Signin.Failed,High,0.62,k.brown,EndpointFleet,203.0.113.48,,,Auth,Failure,Cloud sign-in failed.,user,1,
EVT2-00500,2026-01-21T07:28:50Z,Proxy,URL.Allowed,Informational,0.6,n.davis,MAIL-212,10.199.121.73,192.0.2.244,atlassian.net,POST,Allowed,Web request allowed.,user,0,
EVT2-00501,2026-01-21T07:31:49Z,DNS,MX.Query,Informational,0.64,m.johnson,MAIL-228,203.0.113.210,,zoom.us,Query,Resolved,Security-relevant event observed.,user,1,
EVT2-00502,2026-01-21T07:31:50Z,DLP,DLP.Warned,High,0.21,z.hassan,O365,10.117.122.15,,,DataLoss,Warned,Security-relevant event observed.,user,0,ransomware_attempt_blocked
EVT2-00503,2026-01-21T07:31:50Z,AzureAD,Token.Anomaly,Low,0.88,q.wong,AWS,172.31.59.150,172.29.241.134,,Auth,,Security-relevant event observed.,user,0,high_confidence_signal
EVT2-00504,2026-01-21T07:35:27Z,Firewall,TLS.Anomaly,Critical,0.9,n.davis,Azure,10.71.242.17,198.51.100.5,,Network,Blocked,Security-relevant event observed.,user,0,high_confidence_signal
EVT2-00505,2026-01-21T07:39:59Z,EDR,Malware.Detected,Low,0.45,q.wong,DB-097,203.0.113.145,,,Endpoint,Detected,Malware detection on endpoint.,user,1,
EVT2-00506,2026-01-21T07:47:28Z,DNS,NXDOMAIN,High,0.29,n.davis,VDI-040,192.168.207.132,,cdn.github.com,Query,Resolved,Security-relevant event observed.,user,0,high_confidence_signal
EVT2-00507,2026-01-21T07:47:55Z,Firewall,GeoIP.Block,Low,0.29,v.ali,EndpointFleet,192.0.2.108,198.51.100.62,,Network,Blocked,Security-relevant event observed.,user,1,
EVT2-00508,2026-01-21T07:48:17Z,CloudTrail,CloudWatch.AlarmDisabled,Informational,0.68,b.harris,O365,10.187.220.180,,,Cloud,Success,Security-relevant event observed.,user,0,
EVT2-00509,2026-01-21T07:48:21Z,DLP,DLP.Warned,Medium,0.63,e.wilson,AWS,192.168.201.24,,,DataLoss,Warned,Security-relevant event observed.,user,0,
EVT2-00510,2026-01-21T07:50:17Z,EDR,LateralMovement.Suspected,Low,0.99,a.ivanov,DB-013,10.44.136.92,,,Endpoint,Observed,Security-relevant event observed.,user,0,
EVT2-00511,2026-01-21T07:51:33Z,Firewall,PortScan.Detected,Informational,0.78,v.ali,O365,192.168.117.8,192.0.2.205,,Network,Blocked,Potential port scanning activity detected.,user,0,
EVT2-00512,2026-01-21T07:51:34Z,VPN,VPN.Disconnect,Medium,0.47,b.harris,DB-143,172.31.11.116,,,Auth,,Security-relevant event observed.,user,0,
EVT2-00513,2026-01-21T07:52:21Z,O365,Admin.AuditLogCleared,Informational,0.41,m.patel,EndpointFleet,198.51.100.18,,,Access,Success,Security-relevant event observed.,user,1,
EVT2-00514,2026-01-21T07:52:31Z,VPN,VPN.GeoAnomaly,Medium,0.42,n.davis,DB-191,192.168.155.151,,,Auth,Success,Security-relevant event observed.,user,0,high_confidence_signal
EVT2-00515,2026-01-21T07:53:54Z,EDR,Exploit.Prevention,Medium,0.79,d.miller,VDI-078,198.51.100.53,172.21.159.132,,Endpoint,Detected,Security-relevant event observed.,user,1,
EVT2-00516,2026-01-21T07:57:19Z,VPN,VPN.NewDevice,Low,0.52,c.taylor,LAP-151,10.234.46.159,10.13.19.141,,Auth,,Security-relevant event observed.,user,0,
EVT2-00517,2026-01-21T08:00:14Z,DNS,MX.Query,Low,0.36,f.robinson,DC-199,10.231.62.38,,cdn.zoom.us,Query,Resolved,Security-relevant event observed.,user,0,
EVT2-00518,2026-01-21T08:01:36Z,Proxy,Download,Low,0.2,s.nguyen,DB-102,192.168.99.80,203.0.113.17,jira.corp.local,GET,Allowed,File downloaded via web proxy.,user,0,
EVT2-00519,2026-01-21T08:03:45Z,EDR,CredentialDump.Suspected,Low,0.43,k.brown,MAIL-052,172.16.22.163,,,Endpoint,Observed,Security-relevant event observed.,user,0,ransomware_attempt_blocked
EVT2-00520,2026-01-21T08:03:54Z,EDR,Exploit.Prevention,Informational,0.52,g.thomas,DC-053,198.51.100.249,,,Endpoint,Detected,Security-relevant event observed.,user,1,
EVT2-00521,2026-01-21T08:04:50Z,MDM,Device.JailbreakSuspected,Medium,0.6,n.davis,DB-050,172.31.45.166,,,DeviceMgmt,NonCompliant,Security-relevant event observed.,user,0,high_confidence_signal
EVT2-00522,2026-01-21T08:07:07Z,Firewall,TLS.Anomaly,Low,0.59,s.nguyen,EndpointFleet,192.168.83.114,198.51.100.124,,Network,Blocked,Security-relevant event observed.,user,0,
EVT2-00523,2026-01-21T08:07:25Z,DLP,DLP.Warned,Low,0.41,h.lee,Azure,172.28.35.10,,,DataLoss,Warned,Security-relevant event observed.,user,0,
EVT2-00524,2026-01-21T08:07:38Z,O365,Admin.AuditLogCleared,Medium,0.98,q.wong,AWS,192.168.175.106,,onedrive.com,Access,Success,Security-relevant event observed.,user,0,
EVT2-00525,2026-01-21T08:08:18Z,VPN,VPN.NewDevice,Low,0.4,a.ivanov,SRV-015,198.51.100.97,10.253.65.198,,Auth,,Security-relevant event observed.,user,1,
EVT2-00526,2026-01-21T08:08:42Z,DLP,DLP.Warned,Low,0.94,j.smith,Azure,172.24.41.168,,,DataLoss,Warned,Security-relevant event observed.,user,0,
EVT2-00527,2026-01-21T08:12:46Z,Firewall,DataTransfer.Large,High,0.46,m.johnson,O365,172.16.143.54,198.51.100.109,,Network,Blocked,Security-relevant event observed.,user,0,high_confidence_signal
EVT2-00528,2026-01-21T08:12:52Z,Okta,MFA.Failed,High,0.69,y.zhao,CorpNet,198.51.100.21,,,Auth,Failure,MFA denied or timed out.,user,1,
EVT2-00529,2026-01-21T08:13:03Z,AzureAD,Signin.Failed,Medium,0.44,s.nguyen,EndpointFleet,203.0.113.52,,,Auth,Failure,Cloud sign-in failed.,user,1,
EVT2-00530,2026-01-21T08:15:39Z,Okta,MFA.Challenge,Low,0.51,sec-admin,O365,10.34.129.81,,,Auth,,MFA challenge initiated.,privileged_user,0,
EVT2-00531,2026-01-21T08:16:29Z,EmailGateway,User.ReportedPhish,Medium,0.51,t.jones,API-070,192.168.5.239,,gmail.com,Inbound,Delivered,Security-relevant event observed.,user,0,
EVT2-00532,2026-01-21T08:18:01Z,Proxy,URL.Allowed,Informational,0.39,e.wilson,API-162,203.0.113.125,192.0.2.251,microsoft.com,GET,Allowed,Web request allowed.,user,1,
EVT2-00533,2026-01-21T08:19:15Z,DNS,HighEntropy.Subdomain,Informational,0.7,y.zhao,LAP-188,192.168.179.52,,cdn.atlassian.net,Query,Resolved,Security-relevant event observed.,user,0,high_confidence_signal
EVT2-00534,2026-01-21T08:26:32Z,DNS,TXT.Query,Low,0.45,y.zhao,DB-122,172.21.43.212,,slack.com,Query,NXDOMAIN,Security-relevant event observed.,user,0,
EVT2-00535,2026-01-21T08:29:48Z,O365,OneDrive.MassDownload,High,0.84,y.zhao,O365,192.168.4.145,,sharepoint.com,Access,Success,High volume file activity; external sharing involved.,user,0,
EVT2-00536,2026-01-21T08:29:52Z,AzureAD,AppConsent.Granted,Low,0.46,a.chen,EndpointFleet,10.81.64.60,,,Auth,,Security-relevant event observed.,user,0,oauth_consent_attack
EVT2-00537,2026-01-21T08:30:51Z,AzureAD,Token.Anomaly,Low,0.45,d.miller,AWS,192.0.2.167,,,Auth,,Security-relevant event observed.,user,1,high_confidence_signal
EVT2-00538,2026-01-21T08:31:42Z,EmailGateway,Attachment.Blocked,Low,0.74,i.clark,API-201,172.17.205.231,10.67.171.101,vendor.example,Inbound,Delivered,Security-relevant event observed.,user,0,
EVT2-00539,2026-01-21T08:43:15Z,VPN,VPN.Failed,Low,0.58,e.wilson,DB-080,192.168.236.131,,,Auth,Failure,VPN authentication failed.,user,0,
EVT2-00540,2026-01-21T08:47:25Z,EDR,LateralMovement.Suspected,Low,0.86,g.thomas,SRV-230,172.29.245.45,192.168.136.67,,Endpoint,Observed,Security-relevant event observed.,user,0,
EVT2-00541,2026-01-21T08:47:29Z,MDM,Device.LostModeEnabled,Low,0.82,a.ivanov,SRV-148,192.168.151.38,,,DeviceMgmt,Success,Security-relevant event observed.,user,0,
EVT2-00542,2026-01-21T08:48:21Z,AzureAD,Role.Assignment,Informational,0.63,q.wong,Azure,172.22.206.78,,,Auth,,Security-relevant event observed.,user,0,
EVT2-00543,2026-01-21T08:48:28Z,MDM,Device.JailbreakSuspected,Low,0.42,m.patel,MAIL-180,172.28.52.207,192.168.104.6,,DeviceMgmt,NonCompliant,Security-relevant event observed.,user,0,high_confidence_signal
EVT2-00544,2026-01-21T08:52:45Z,Okta,MFA.Failed,Informational,0.29,j.smith,Azure,192.168.27.138,,,Auth,Failure,MFA denied or timed out.,user,0,
EVT2-00545,2026-01-21T08:53:53Z,MDM,Device.LostModeEnabled,Informational,0.66,j.smith,DB-133,192.0.2.214,,,DeviceMgmt,Success,Security-relevant event observed.,user,1,
EVT2-00546,2026-01-21T08:55:24Z,MDM,Device.Enrolled,Informational,0.55,g.thomas,VDI-216,192.168.240.19,,,DeviceMgmt,Success,Security-relevant event observed.,user,0,
EVT2-00547,2026-01-21T08:57:33Z,Firewall,Connection.Denied,Informational,0.99,u.khan,O365,192.168.151.112,203.0.113.107,,Network,Blocked,Connection denied by firewall policy.,user,0,
EVT2-00548,2026-01-21T08:58:12Z,Firewall,PortScan.Detected,Medium,0.62,j.smith,Azure,198.51.100.64,203.0.113.9,,Network,Blocked,Potential port scanning activity detected.,user,1,
EVT2-00549,2026-01-21T09:02:43Z,Firewall,Connection.Allowed,Informational,0.83,i.clark,AWS,10.104.19.113,203.0.113.133,,Network,Allowed,Connection allowed by firewall policy.,user,0,
EVT2-00550,2026-01-21T09:03:24Z,AzureAD,AppConsent.Granted,Informational,0.68,v.ali,CorpNet,192.0.2.11,,,Auth,,Security-relevant event observed.,user,1,oauth_consent_attack
EVT2-00551,2026-01-21T09:04:04Z,Firewall,Connection.Denied,Medium,0.43,e.wilson,Azure,192.0.2.195,198.51.100.95,,Network,Blocked,Connection denied by firewall policy.,user,1,
EVT2-00552,2026-01-21T09:09:46Z,DLP,DLP.Warned,Medium,0.45,b.harris,O365,203.0.113.1,,,DataLoss,Warned,Security-relevant event observed.,user,1,
EVT2-00553,2026-01-21T09:11:57Z,Proxy,TLS.SNI.Mismatch,Medium,0.46,j.smith,SRV-217,192.0.2.86,198.51.100.174,slack.com,GET,Allowed,Security-relevant event observed.,user,1,high_confidence_signal
EVT2-00554,2026-01-21T09:13:29Z,DNS,DGA.Suspected,Informational,0.69,l.garcia,SRV-127,172.16.120.208,,github.com,Query,Resolved,Security-relevant event observed.,user,0,high_confidence_signal
EVT2-00555,2026-01-21T09:14:04Z,Firewall,PortScan.Detected,Informational,0.85,j.smith,Azure,192.0.2.51,203.0.113.160,,Network,Blocked,Potential port scanning activity detected.,user,1,
EVT2-00556,2026-01-21T09:14:12Z,DLP,DLP.PolicyMatch,Informational,0.26,it-admin,CorpNet,203.0.113.120,,,DataLoss,Matched,Potential sensitive data pattern matched.,privileged_user,1,
